id,date,location,disaster_type,narrative,source,severity
1,2006-06-24 08:00:00,"Baguio City, Benguet",Hail,Pellet size hail,"Baguio City, Benguet - 20060624_0800",High
2,2007-07-31 07:00:00,"Baguio City, Benguet",Hail,Pellet size hail,"Baguio City, Benguet - 20070731_0700",High
3,2007-10-09 05:00:00,"Santolan, Quezon City",Hail,No pictures of the hail sample. hail,"Santolan, Quezon City - 20071009_0500",Medium
4,2008-04-17 08:00:00,"Solsona, Ilocos Norte",Hail,No pictures of the hail sample. hail,"Solsona, Ilocos Norte - 20080417_0800",Medium
5,2008-06-07 06:00:00,"Banaue, Ifugao",Hail,No pictures of the hail sample. hail,"Banaue, Ifugao - 20080607_0600",Medium
6,2008-06-07 06:00:00,"Tinoc, Ifugao",Hail,No pictures of the hail sample. hail,"Tinoc, Ifugao - 20080607_0600",Medium
7,2008-06-07 06:00:00,"Hingyon, Ifugao",Hail,No pictures of the hail sample. hail,"Hingyon, Ifugao - 20080607_0600",Medium
8,2008-06-07 06:00:00,"Asipulo, Ifugao",Hail,No pictures of the hail sample. hail,"Asipulo, Ifugao - 20080607_0600",Medium
9,2008-06-07 06:00:00,"Lagawe, Ifugao",Hail,No pictures of the hail sample. hail,"Lagawe, Ifugao - 20080607_0600",Medium
10,2009-04-22 08:00:00,Isabela,Hail,No pictures of the hail sample. hail,Isabela - 20090422_0800,Medium
11,2010-06-09 10:00:00,"Las Piñas City, Metro Manila",Hail,No pictures of the hail sample. hail,"Las Piñas City, Metro Manila - 20100609_1000",Medium
12,2010-07-03 07:00:00,"San Mateo, Rizal",Hail,Pellet size hail,"San Mateo, Rizal - 20100703_0700",High
13,2011-04-19 06:00:00,"Solano, Nueva Vizcaya",Hail,No pictures of the hail sample. hail,"Solano, Nueva Vizcaya - 20110419_0600",Medium
14,2011-08-17 06:00:00,"Baguio City, Benguet",Hail,No pictures of the hail sample. hail,"Baguio City, Benguet - 20110817_0600",Medium
15,2012-05-17 05:00:00,"Pinamungajan, Cebu",Hail,No pictures of the hail sample. hail,"Pinamungajan, Cebu - 20120517_0530",Medium
16,2013-05-14 06:00:00,"Quezon City, Metro Manila",Hail,Pellet size hail,"Quezon City, Metro Manila - 20130514_0600",High
17,2013-05-28 06:00:00,"Bocaue, Bulacan",Hail,Pellet size hail,"Bocaue, Bulacan - 20130528_0600",High
18,2013-06-02 06:00:00,"Lipa City, Batangas",Hail,No notes provided hail,"Lipa City, Batangas - 20130602_0600",High
19,2013-06-04 06:00:00,"Basista, Pangasinan",Hail,No notes provided hail,"Basista, Pangasinan - 20130604_0600",Critical
20,2013-07-07 07:00:00,"Dingras, Ilocos Norte",Hail,Pellet size hail,"Dingras, Ilocos Norte - 20130707_0700",High
21,2013-07-07 07:00:00,"Solsona, Ilocos Norte",Hail,Pellet size hail,"Solsona, Ilocos Norte - 20130707_0700",High
22,2013-09-04 08:00:00,"Binabag-Pinamungajan, Cebu",Hail,"No pictures of the hail sample and waterspout. hail, waterspout (non-tornadic)","Binabag-Pinamungajan, Cebu - 20130904_0800",Medium
23,2013-09-04 08:00:00,"Pandacan-Pinamungajan, Cebu",Hail,"No pictures of the hail sample and waterspout. hail, waterspout (non-tornadic)","Pandacan-Pinamungajan, Cebu - 20130904_0800",Medium
24,2013-09-04 08:00:00,"Poblacion-Pinamungajan, Cebu",Hail,"No pictures of the hail sample and waterspout. hail, waterspout (non-tornadic)","Poblacion-Pinamungajan, Cebu - 20130904_0800",Medium
25,2014-05-21 06:00:00,"Rodriguez, Rizal",Hail,No notes provided hail,"Rodriguez, Rizal - 20140521_0630",Critical
26,2014-09-02 06:00:00,"Monkayo, Davao de Oro",Hail,No pictures of the hail sample. hail,"Monkayo, Davao de Oro - 20140902_0600",High
27,2014-09-17 07:00:00,"Makati City, Metro Manila",Hail,No notes provided hail,"Makati City, Metro Manila - 20140917_0700",Critical
28,2014-10-14 08:00:00,"Balabagan, Lanao del Sur",Hail,No pictures of the hail sample. hail,"Balabagan, Lanao del Sur - 20141014_0800",Medium
29,2015-04-21 07:00:00,"Quezon City, Metro Manila",Hail,Pellet size hail,"Quezon City, Metro Manila - 20150421_0700",High
30,2015-04-21 07:00:00,"San Jose del Monte, Bulacan",Hail,Pellet size hail,"San Jose del Monte, Bulacan - 20150421_0700",High
31,2015-04-21 07:00:00,"Bocaue, Bulacan",Hail,Pellet size hail,"Bocaue, Bulacan - 20150421_0700",High
32,2015-04-21 07:00:00,"Trese Martires, Cavite",Hail,Pellet size hail,"Trese Martires, Cavite - 20150421_0700",High
33,2015-05-07 06:00:00,"Dasmarinas, Cavite",Hail,Pellet size hail,"Dasmarinas, Cavite - 20150507_0600",High
34,2015-07-01 06:00:00,"Bayombong, Nueva Vizcaya",Hail,No pictures of the hail sample. hail,"Bayombong, Nueva Vizcaya - 20150701_0600",Medium
35,2015-07-22 08:00:00,"Quezon City, Metro Manila",Hail,Pellet size hail,"Quezon City, Metro Manila - 20150722_0800",High
36,2015-07-22 08:00:00,"Marikina City, Metro Manil",Hail,Pellet size hail,"Marikina City, Metro Manil - 20150722_0800",High
37,2016-07-18 08:00:00,"Indang, Cavite",Hail,No notes provided hail,"Indang, Cavite - 20160718_0800",Critical
38,2017-05-02 08:00:00,"Wao, Lanao del Sur",Hail,No notes provided hail,"Wao, Lanao del Sur - 20170502_0830",Medium
39,2017-05-08 08:00:00,"Surallah, South Cotabato",Hail,No notes provided hail,"Surallah, South Cotabato - 20170508_0800",Medium
40,2017-06-15 09:00:00,"Batasan Hills, Quezon City",Hail,No notes provided hail,"Batasan Hills, Quezon City - 20170615_0900",Critical
41,2017-06-15 09:00:00,"Penaranda, Nueva Ecija",Hail,Pellet size hail,"Penaranda, Nueva Ecija - 20170615_0900",High
42,2017-06-15 09:00:00,"Alabang, Metro Manila",Hail,Pellet size hail,"Alabang, Metro Manila - 20170615_0930",High
43,2017-08-16 07:00:00,"Sta. Barbara, Pangasinan",Hail,No notes provided hail,"Sta. Barbara, Pangasinan - 20170816_0700",Medium
44,2018-04-21 06:00:00,"Bontoc, Mountain Province",Hail,No notes provided hail,"Bontoc, Mountain Province - 20180421_0600",High
45,2018-04-21 06:00:00,"Atok, Benguet",Hail,Pellet size hail,"Atok, Benguet - 20180421_0600",High
46,2018-05-17 09:00:00,"Mexico, Pampanga",Hail,Pellet size hail,"Mexico, Pampanga - 20180517_0900",High
47,2018-09-20 08:00:00,"Davao City, Davao del Sur",Hail,Pellet size hail,"Davao City, Davao del Sur - 20180920_0800",High
48,2018-09-21 06:00:00,"Talaingod, Davao del Norte",Hail,No pictures of the hail sample. hail,"Talaingod, Davao del Norte - 20180921_0600",Medium
49,2018-10-14 08:00:00,"La Carlota City, Negros Occidental",Hail,No notes provided hail,"La Carlota City, Negros Occidental - 20181014_0800",Critical
50,2019-04-12 06:00:00,"Philips Manolo Fortich, Bukidnon",Hail,No notes provided hail,"Philips Manolo Fortich, Bukidnon - 20190412_0600",Medium
51,2019-04-29 06:00:00,"Rosales, Pangasinan",Hail,No pictures of the hail sample. hail,"Rosales, Pangasinan - 20190429_0600",Medium
52,2019-05-18 08:00:00,"Bayombong, Nueva Vizcaya",Hail,Pellet size hail,"Bayombong, Nueva Vizcaya - 20190518_0800",High
53,2019-05-21 05:00:00,"Calamba, Laguna",Hail,No notes provided hail,"Calamba, Laguna - 20190521_0500",High
54,2019-06-03 06:00:00,"Alcala, Cagayan",Hail,No notes provided hail,"Alcala, Cagayan - 20190603_0600",High
55,2019-06-03 06:00:00,"Tayum, Abra",Hail,No notes provided hail,"Tayum, Abra - 20190603_0600",Medium
56,2019-06-03 08:00:00,"Quezon City, Metro Manila",Hail,Pellet size hail,"Quezon City, Metro Manila - 20190603_0800",High
57,2019-07-03 05:00:00,"Toledo City, Cebu",Hail,Pellet size hail,"Toledo City, Cebu - 20190703_0500",High
58,2019-10-02 05:00:00,"Luisiana, Laguna",Hail,No notes provided hail,"Luisiana, Laguna - 20191002_0530",Medium
59,2019-10-02 06:00:00,"Muzon, Bulacan",Hail,No notes provided hail,"Muzon, Bulacan - 20191002_0600",Medium
60,2019-10-03 06:00:00,"Alfonso, Cavite",Hail,No notes provided hail,"Alfonso, Cavite - 20191003_0600",Medium
61,2019-10-03 06:00:00,"Cabuyao City, Laguna",Hail,Pellet size hail,"Cabuyao City, Laguna - 20191003_0600",High
62,2019-10-03 06:00:00,"Quezon City, Metro Manila",Hail,No notes provided hail,"Quezon City, Metro Manila - 20191003_0600",Medium
63,2019-10-03 07:00:00,"M'lang, North Cotabato",Hail,No notes provided hail,"M'lang, North Cotabato - 20191003_0700",High
64,2019-11-11 07:00:00,"Makilala, North Cotabato",Hail,No notes provided hail,"Makilala, North Cotabato - 20191111_0730",Medium
65,2020-04-22 06:00:00,"Bontoc, Mountain Province",Hail,Pellet size hail,"Bontoc, Mountain Province - 20200422_0600",High
66,2020-04-22 06:00:00,"Sabangan, Mountain Province",Hail,No notes provided hail,"Sabangan, Mountain Province - 20200422_0600",Critical
67,2020-04-23 06:00:00,"Kabayan, Benguet",Hail,Pellet size hail,"Kabayan, Benguet - 20200423_0600",High
68,2020-04-23 06:00:00,"Bokod, Benguet",Hail,Pellet size hail,"Bokod, Benguet - 20200423_0600",High
69,2020-05-08 09:00:00,"Cabiao, Nueva Ecija",Hail,With Radar Reflectivity Scan and Satellite Imagery. hail,"Cabiao, Nueva Ecija - 20200508_0900",Medium
70,2020-05-10 06:00:00,"Jaen, Nueva Ecija",Hail,Pellet size hail,"Jaen, Nueva Ecija - 20200510_0600",High
71,2020-05-10 06:00:00,Baguio City. Benguet,Hail,No pictures of the hail sample. hail,Baguio City. Benguet - 20200510_0600,Medium
72,2020-05-19 05:00:00,"Los Banos, Laguna",Hail,No pictures of the hail sample. hail,"Los Banos, Laguna - 20200519_0500",High
73,2020-05-19 05:00:00,"Calaun, Laguna",Hail,Pellet size hail,"Calaun, Laguna - 20200519_0500",High
74,2020-05-24 07:00:00,"La Castellana, Negros Occidental",Hail,No notes provided hail,"La Castellana, Negros Occidental - 20200524_0700",Medium
75,2020-06-07 07:00:00,"Alaminos, Pangasinan",Hail,Pellet size hail,"Alaminos, Pangasinan - 20200607_0700",High
76,2020-06-10 07:00:00,"Malolos, Bulacan",Hail,Pellet size hail,"Malolos, Bulacan - 20200610_0700",High
77,2020-06-13 07:00:00,"Solsona, Ilocos Norte",Hail,Pellet size hail,"Solsona, Ilocos Norte - 20200613_0700",High
78,2020-07-09 06:00:00,"Baguio City, Benguet",Hail,Pellet size hail,"Baguio City, Benguet - 20200709_0600",High
79,2020-07-20 07:00:00,"Lopez, Quezon",Hail,Pellet size hail,"Lopez, Quezon - 20200720_0700",High
80,2020-07-23 06:00:00,"Pulilan, Bulacan",Hail,No pictures of the hail sample. hail,"Pulilan, Bulacan - 20200723_0600",Medium
81,2021-05-09 08:00:00,"Sagada, Mountain Province",Hail,Pellet size hail,"Sagada, Mountain Province - 20210509_0800",High
82,2021-05-09 08:00:00,"Quezon City, Metro Manila",Hail,Pellet size hail,"Quezon City, Metro Manila - 20210509_0800",High
83,2021-05-21 06:00:00,"Silang, Cavite",Hail,Pellet size hail,"Silang, Cavite - 20210521_0600",High
84,2021-05-24 05:00:00,"Indang, Cavite",Hail,No pictures of the hail sample. hail,"Indang, Cavite - 20210524_0500",Medium
85,2021-06-17 06:00:00,"Mabalacat, Pampanga",Hail,Pellet size hail,"Mabalacat, Pampanga - 20210617_0600",High
86,2021-07-01 07:00:00,"Sto. Tomas, Batangas",Hail,Pellet size hail,"Sto. Tomas, Batangas - 20210701_0700",High
87,2021-07-18 07:00:00,"Rizal, Laguna",Hail,Pellet size hail,"Rizal, Laguna - 20210718_0700",High
88,2021-07-12 06:00:00,"Aguilar, Pangasinan",Hail,Pellet size hail,"Aguilar, Pangasinan - 20210712_0600",High
89,2021-07-13 08:00:00,"Sitio Orno, Bugallon, Pangasinan",Hail,Pellet size hail,"Sitio Orno, Bugallon, Pangasinan - 20210713_0800",High
90,2021-08-13 07:00:00,"Norzagaray, Bulacan",Hail,"Potentially, largest hail recorded in the Philippines. Significant hail. hail","Norzagaray, Bulacan - 20210813_0700",Medium
91,2021-08-13 07:00:00,"San Jose Del Monte, Bulacan",Hail,No notes provided hail,"San Jose Del Monte, Bulacan - 20210813_0700",Critical
92,2021-08-13 07:00:00,"Sta. Maria, Bulacan",Hail,No notes provided hail,"Sta. Maria, Bulacan - 20210813_0700",Medium
93,2021-08-20 07:00:00,"Isulan, Sultan Kudarat",Hail,Pellet size hail,"Isulan, Sultan Kudarat - 20210820_0700",High
94,2022-01-30 01:00:00,"Villaviciosa, Abra",Hail,"No notes provided hail, elevated","Villaviciosa, Abra - 20220130_0100",Medium
95,2022-06-03 07:00:00,"Aglipay, Quirino",Hail,No notes provided hail,"Aglipay, Quirino - 20220603_0700",Medium
96,2022-06-21 07:00:00,"Naic, Cavite",Hail,Pellet size hail,"Naic, Cavite - 20220621_0700",High
97,2022-06-25 06:00:00,"Metro Cebu, Cebu",Hail,Pellet size hail,"Metro Cebu, Cebu - 20220625_0600",High
98,2022-07-16 06:00:00,"Wao, Lanao del Sur",Hail,Pellet size hail,"Wao, Lanao del Sur - 20220716_0600",High
99,2022-08-26 07:00:00,"Tanza, Cavite",Hail,No notes provided hail,"Tanza, Cavite - 20220826_0700",Medium
100,2022-10-09 07:00:00,"Atok, Benguet",Hail,No pictures of the hail sample. hail,"Atok, Benguet - 20221009_0700",Medium
101,2022-10-09 07:00:00,"Tublay, Benguet",Hail,No pictures of the hail sample. hail,"Tublay, Benguet - 20221009_0700",Medium
102,2022-10-09 07:00:00,"Baguio City, Benguet",Hail,No notes provided hail,"Baguio City, Benguet - 20221009_0700",High
103,2022-10-09 07:00:00,"Cabatuan, Isabela",Hail,No notes provided hail,"Cabatuan, Isabela - 20221009_0700",High
104,2022-11-08 08:00:00,"Bayawan City, Negros Oriental",Hail,Pellet size hail,"Bayawan City, Negros Oriental - 20221108_0800",High
105,2023-03-29 06:00:00,"Mankayan, Benguet",Hail,Pellet size hail,"Mankayan, Benguet - 20230329_0600",High
106,2023-04-20 08:00:00,"Mabinay, Negros Oriental",Hail,Pellet size hail,"Mabinay, Negros Oriental - 20230420_0800",High
107,2023-04-21 06:00:00,"San Pablo, Tarlac City",Hail,Pellet size hail,"San Pablo, Tarlac City - 20230421_0600",High
108,2023-04-21 07:00:00,"Badaingan, Iloilo",Hail,Pellet size hail,"Badaingan, Iloilo - 20230421_0700",High
109,2023-04-24 08:00:00,"Ambaguio, Nueva Vizcaya",Hail,Pellet size hail,"Ambaguio, Nueva Vizcaya - 20230424_0800",High
110,2023-05-02 07:00:00,"Licuan-Baay, Abra",Hail,Pellet size hail,"Licuan-Baay, Abra - 20230502_0700",High
111,2023-05-08 07:00:00,"San Jose Del Monte, Bulacan",Hail,No pictures of the hail sample. hail,"San Jose Del Monte, Bulacan - 20230508_0700",Medium
112,2023-05-24 05:00:00,"Libona, Bukidnon",Hail,No notes provided hail,"Libona, Bukidnon - 20230524_0500",High
113,2023-07-07 07:00:00,"Pulilan, Bulacan",Hail,No notes provided hail,"Pulilan, Bulacan - 20230707_0730",Medium
114,2023-07-07 10:00:00,"Mabalacat, Pampanga",Hail,No notes provided hail,"Mabalacat, Pampanga - 20230707_1000",High
115,2023-11-29 06:00:00,"Davao City, Davao del Sur",Hail,Pellet size hail,"Davao City, Davao del Sur - 20231129_0600",High
116,2024-03-26 07:00:00,"La Trinidad, Benguet",Hail,Pellet size hail,"La Trinidad, Benguet - 20240326_0700",High
117,2024-03-27 06:00:00,"Danglas, Abra",Hail,"No research at the moment. But Laoag Sounding at 12 UTC shows ample instability and strong deep-layer shear supportive of hail threat. hail, elevated","Danglas, Abra - 20240327_0615",Critical
118,2024-03-28 06:00:00,"Kabacan, Cotabato",Hail,Pellet size hail,"Kabacan, Cotabato - 20240328_0600",High
119,2024-03-29 05:00:00,"Sagada, Mountain Province",Hail,No notes provided hail,"Sagada, Mountain Province - 20240329_0500",Critical
120,2024-03-29 05:00:00,"Kibungan, Benguet",Hail,Pellet size hail,"Kibungan, Benguet - 20240329_0500",High
121,2024-04-23 07:00:00,"Tarlac City, Tarlac",Hail,No notes provided hail,"Tarlac City, Tarlac - 20240423_0700",Medium
122,2024-04-25 06:00:00,"Solana, Cagayan",Hail,No notes provided hail,"Solana, Cagayan - 20240425_0600",Critical
123,2024-04-27 08:00:00,"Carmen, North Cotabato",Hail,Pellet size hail,"Carmen, North Cotabato - 20240427_0800",High
124,2024-04-30 08:00:00,"Baguio City, Benguet",Hail,No notes provided hail,"Baguio City, Benguet - 20240430_0800",Medium
125,2024-05-13 06:00:00,"Quezon City, Metro Manila",Hail,Pellet size hail,"Quezon City, Metro Manila - 20240513_0600",High
126,2024-07-02 06:00:00,"Agoo, La Union",Hail,Pellet size hail,"Agoo, La Union - 20240702_0600",High
127,2024-07-25 07:00:00,"La Paz, Agusan Del Sur",Hail,No notes provided hail,"La Paz, Agusan Del Sur - 20240725_0700",Critical
128,2024-08-17 06:00:00,"San Felipe City, Batangas",Hail,Pellet size hail,"San Felipe City, Batangas - 20240817_0600",High
129,2024-08-19 08:00:00,"Manila City, Metro Manila",Hail,Pellet size hail,"Manila City, Metro Manila - 20240819_0800",High
130,2024-08-19 08:00:00,"Makati City, Metro Manila",Hail,No notes provided hail,"Makati City, Metro Manila - 20240819_0800",Medium
131,2024-08-19 08:00:00,"Bamban, Tarlac",Hail,Pellet size hail,"Bamban, Tarlac - 20240819_0800",High
132,2024-08-21 08:00:00,"Dasmarinas, Cavite",Hail,No notes provided hail,"Dasmarinas, Cavite - 20240821_0800",Medium
133,2024-08-21 09:00:00,"Dahilayan, Bukidnon",Hail,No notes provided hail,"Dahilayan, Bukidnon - 20240821_0900",High
134,,Unknown,Hail,No notes provided,Unknown - Unknown,Medium
135,1968-06-13 15:00:00,"Macabebe, Pampanga",Tornado,It is documented in Page 259 of the documentation. Borrow it via the Internet Archive. No pictures/videos of the tornado. tornado,"Macabebe, Pampanga - 19680613_1500",Medium
136,1989-06-03 07:00:00,"Malita, Davao del Sur",Tornado,No pictures/videos of the tornado. tornado,"Malita, Davao del Sur - 19890603_0700",Medium
137,1990-06-14 11:00:00,"Manukan, Zamboanga del Sur",Tornado,No pictures/videos of the tornado. Killer tornado. tornado,"Manukan, Zamboanga del Sur - 19900614_1100",Medium
138,,"Malolos, Bulacan",Tornado,No pictures/videos of the tornado. tornado,"Malolos, Bulacan - 1991",Medium
139,1991-07-02 06:00:00,"Lantapan, Bukidnon",Tornado,No pictures/videos of the tornado. tornado,"Lantapan, Bukidnon - 19910702_0600",Medium
140,1994-07-02 06:00:00,"Cagayan de Oro, Misamis Oriental",Tornado,No pictures/videos of the tornado. tornado,"Cagayan de Oro, Misamis Oriental - 19940702_0600",Medium
141,1994-10-16 06:00:00,"San Fernando, Pampanga",Tornado,No pictures/videos of the tornado. tornado,"San Fernando, Pampanga - 19941016_0600",Medium
142,1994-11-19 06:00:00,"Datu Piang, Maguindanao",Tornado,No pictures/videos of the tornado. tornado,"Datu Piang, Maguindanao - 19941119_0600",Medium
143,1994-11-29 06:00:00,"Cotabato City, Maguindanao",Tornado,No pictures/videos of the tornado. tornado,"Cotabato City, Maguindanao - 19941129_0600",Medium
144,,"_, Pangasinan",Tornado,No pictures/videos of the tornado. tornado,"_, Pangasinan - 199607_0",Medium
145,1998-08-10 12:00:00,"Bulakan, Bulacan",Tornado,No pictures/videos of the tornado. tornado,"Bulakan, Bulacan - 19980810_1200",Medium
146,,"Kalibo, Aklan",Tornado,No pictures/videos of the tornado. tornado,"Kalibo, Aklan - 199808_0830",Medium
147,1999-05-03 00:00:00,"M'lang, North Cotabato",Tornado,No pictures/videos of the tornado. tornado,"M'lang, North Cotabato - 19990503_0",Medium
148,1999-06-07 00:00:00,"M'lang, North Cotabato",Tornado,No pictures/videos of the tornado. tornado,"M'lang, North Cotabato - 19990607_0",Medium
149,,"Tagbiliran City, Bohol",Tornado,No pictures/videos of the tornado. tornado,"Tagbiliran City, Bohol - 199908_0",Medium
150,1999-08-22 00:00:00,"San Isidro, Bohol",Tornado,No pictures/videos of the tornado. tornado,"San Isidro, Bohol - 19990822_0",Medium
151,1999-09-20 12:00:00,"Sto. Nino, South Cotabato",Tornado,No pictures/videos of the tornado. tornado,"Sto. Nino, South Cotabato - 19990920_1200",Medium
152,,"_, South Cotabato",Tornado,No pictures/videos of the tornado. tornado,"_, South Cotabato - 200002_",Medium
153,,"_, Sarangani",Tornado,No pictures/videos of the tornado. tornado,"_, Sarangani - 200003_",Medium
154,2003-12-19 12:00:00,"San Ricardo, Southern Leyte",Tornado,"No pictures/videos of the tornado. Potentially, the deadlist tornado in the Philippines killing ~50 people. tornado","San Ricardo, Southern Leyte - 20031219_1200",Medium
155,2004-05-18 06:00:00,"Guimba, Nueva Ecija",Tornado,No pictures/videos of the tornado. tornado,"Guimba, Nueva Ecija - 20040518_0600",Medium
156,2004-07-16 17:00:00,"Cawayan, Masbate",Tornado,No pictures/videos of the tornado. tornado,"Cawayan, Masbate - 20040716_1730",Medium
157,2004-08-01 13:00:00,"Talisay City, Cebu",Tornado,No pictures/videos of the tornado. tornado,"Talisay City, Cebu - 20040801_1300",Medium
158,,"_, Negros Occidental",Tornado,No pictures/videos of the tornado. tornado,"_, Negros Occidental - 200408_",Medium
159,2005-05-20 06:00:00,"Binmaley, Pangasinan",Tornado,No pictures/videos of the tornado. tornado,"Binmaley, Pangasinan - 20050520_0600",Medium
160,2006-03-19 06:00:00,"Tupi, South Cotabato",Tornado,No pictures/videos of the tornado. tornado,"Tupi, South Cotabato - 20060319_0600",Medium
161,2006-05-10 13:00:00,"Sasmuan, Pampanga",Tornado,Can be a nocturnal landspout tornado. No pictures/videos of the tornado. tornado,"Sasmuan, Pampanga - 20060510_1300",Medium
162,2006-05-11 13:00:00,"Tampakan, South Cotabato",Tornado,It was reported by the Inquirer News but the link is no longer working as it migrated/changed to a different web domain. No pictures/videos of the tornado. tornado,"Tampakan, South Cotabato - 20060511_1300",Medium
163,2006-05-13 06:00:00,"St. Bernard, Leyte",Tornado,No pictures/videos of the tornado. tornado,"St. Bernard, Leyte - 20060513_0600",Medium
164,2007-07-30 06:00:00,"Bustos, Bulacan",Tornado,No pictures/videos of the tornado. tornado,"Bustos, Bulacan - 20070730_0600",Medium
165,2007-07-30 06:00:00,"Baliuag, Bulacan",Tornado,No pictures/videos of the tornado. tornado,"Baliuag, Bulacan - 20070730_0600",Medium
166,2007-08-07 06:00:00,"San Rafael, Bulacan",Tornado,No pictures/videos of the tornado. tornado,"San Rafael, Bulacan - 20070807_0600",Medium
167,2007-08-22 22:00:00,"San Miguel, Bulacan",Tornado,No pictures/videos of the tornado. tornado,"San Miguel, Bulacan - 20070822_2230",Medium
168,2008-03-12 08:00:00,"Tupi, South Cotabato",Tornado,No pictures/videos of the tornado. tornado,"Tupi, South Cotabato - 20080312_0800",Medium
169,2008-01-13 12:00:00,"Bongabong, Oriental Mindoro",Tornado,No pictures/videos of the tornado. tornado,"Bongabong, Oriental Mindoro - 20080113_1200",Medium
170,2008-08-14 09:00:00,"Los Baños, Laguna",Tornado,Sometimes known as UPLB tornado. tornado,"Los Baños, Laguna - 20080814_0900",Medium
171,,"San Carlos, Negros Occidental",Tornado,No pictures/videos of the tornado. tornado,"San Carlos, Negros Occidental - 200809_",Medium
172,2009-03-12 08:00:00,"Tupi, South Cotabato",Tornado,No pictures/videos of the tornado. tornado,"Tupi, South Cotabato - 20090312_0800",Medium
173,2009-05-15 06:00:00,"North Kabuntalan, Maguindanao",Tornado,No pictures/videos of the tornado. tornado,"North Kabuntalan, Maguindanao  - 20090515_0600",Medium
174,2009-06-04 01:00:00,"Quezon City, Metro Manila",Tornado,No pictures/videos of the tornado. tornado,"Quezon City, Metro Manila - 20090604_0100",Medium
175,2009-06-14 08:00:00,"Sariaya, Quezon",Tornado,Posted by Philippine Daily Inquirer 20090818. No pictures/videos of the tornado. tornado,"Sariaya, Quezon - 20090614_0800",Medium
176,2009-06-23 06:00:00,"Perez Island, Quezon",Tornado,Posted by Philippine Daily Inquirer 20090818. No pictures/videos of the tornado. tornado,"Perez Island, Quezon - 20090623_0600",Medium
177,2009-06-23 08:00:00,"Can-avid, Eastern Samar",Tornado,Posted by Philippine Daily Inquirer 20090818. No pictures/videos of the tornado. tornado,"Can-avid, Eastern Samar - 20090623_0800",Medium
178,2009-08-10 09:00:00,"Oton, Iloilo",Tornado,Posted by Philippine Daily Inquirer 20090818. No pictures/videos of the tornado. tornado,"Oton, Iloilo - 20090810_0900",Medium
179,2009-08-15 06:00:00,"San Luis, Pampanga",Tornado,No pictures/videos of the tornado. tornado,"San Luis, Pampanga - 20090815_0600",Medium
180,2009-08-16 06:00:00,"Balagtas, Bulacan",Tornado,No pictures/videos of the tornado. tornado,"Balagtas, Bulacan - 20090816_0600",Medium
181,2009-08-31 06:00:00,"Sta. Rosa, Laguna",Tornado,No notes provided tornado,"Sta. Rosa, Laguna - 20090831_0600",Medium
182,2009-09-13 07:00:00,"Koronadal City, South Cotabato",Tornado,No pictures/videos of the tornado. tornado,"Koronadal City, South Cotabato - 20090913_0700",Medium
183,2009-09-30 08:00:00,"Tupi, South Cotabato",Tornado,Likely a provincial-scale outbreak. No pictures/videos of the tornado. tornado,"Tupi, South Cotabato - 20090930_0800",Medium
184,2009-09-30 08:00:00,"Surallah, South Cotabato",Tornado,Likely a provincial-scale outbreak. No pictures/videos of the tornado. tornado,"Surallah, South Cotabato - 20090930_0800",Medium
185,2009-09-30 08:00:00,"Banga, South Cotabato",Tornado,Likely a provincial-scale outbreak. No pictures/videos of the tornado. tornado,"Banga, South Cotabato - 20090930_0800",Medium
186,2009-09-30 08:00:00,"Sto. Niño, South Cotabato",Tornado,Likely a provincial-scale outbreak. No pictures/videos of the tornado. tornado,"Sto. Niño, South Cotabato - 20090930_0800",Medium
187,2009-09-30 08:00:00,"Tantangan, South Cotabato",Tornado,Likely a provincial-scale outbreak. No pictures/videos of the tornado. tornado,"Tantangan, South Cotabato - 20090930_0800",Medium
188,2009-09-30 08:00:00,"Koronadal City, South Cotabato",Tornado,Likely a provincial-scale outbreak. No pictures/videos of the tornado. tornado,"Koronadal City, South Cotabato - 20090930_0800",Medium
189,2009-10-14 06:00:00,"Senator Ninoy Aquino, Sultan Kudarat",Tornado,No pictures/videos of the tornado. tornado,"Senator Ninoy Aquino, Sultan Kudarat - 20091014_0600",Medium
190,2010-06-10 06:00:00,"Bustos, Bulacan",Tornado,No pictures/videos of the tornado. tornado,"Bustos, Bulacan - 20100610_0600",Medium
191,2010-08-19 08:00:00,"Jimenez, Misamis Occidental",Tornado,No pictures/videos of the tornado. tornado,"Jimenez, Misamis Occidental - 20100819_0800",Medium
192,2011-02-05 08:00:00,"Banga, South Cotabato",Tornado,No pictures/videos of the tornado. tornado,"Banga, South Cotabato - 20110205_0800",Medium
193,2011-02-23 08:00:00,"Glan, Sarangani",Tornado,No pictures/videos of the tornado. tornado,"Glan, Sarangani - 20110223_0800",Medium
194,2011-03-14 08:00:00,"Maimbung, Sulu",Tornado,No pictures/videos of the tornado. tornado,"Maimbung, Sulu - 20110314_0830",Medium
195,2011-03-17 06:00:00,"Banga, South Cotabato",Tornado,No pictures/videos of the tornado. tornado,"Banga, South Cotabato - 20110317_0600",Medium
196,2011-03-17 12:00:00,"Kolambugan, Lanao del Norte",Tornado,No pictures/videos of the tornado. tornado,"Kolambugan, Lanao del Norte - 20110317_1200",Medium
197,2011-05-07 10:00:00,"Calumpit, Bulacan",Tornado,No pictures/videos of the tornado. tornado,"Calumpit, Bulacan - 20110507_1000",Medium
198,2011-05-25 09:00:00,"Cabiao, Nueva Ecija",Tornado,No pictures/videos of the tornado. tornado,"Cabiao, Nueva Ecija - 20110525_0900",Medium
199,2011-06-24 04:00:00,"New Manila, Quezon City",Tornado,No pictures/videos of the tornado. tornado,"New Manila, Quezon City - 20110624_0400",Medium
200,2011-06-24 05:00:00,"Barotac Nuevo, Iloilo",Tornado,No pictures/videos of the tornado. tornado,"Barotac Nuevo, Iloilo - 20110624_0530",Medium
201,2011-06-25 07:00:00,"Meycauayan, Bulacan",Tornado,No pictures/videos of the tornado. tornado,"Meycauayan, Bulacan - 20110625_0700",Medium
202,2011-07-29 07:00:00,"Cagayan de Oro, Misamis Oriental",Tornado,No pictures/videos of the tornado. tornado,"Cagayan de Oro, Misamis Oriental - 20110729_0700",Medium
203,2011-09-03 08:00:00,"Valencia City, Bukidnon",Tornado,No pictures/videos of the tornado. tornado,"Valencia City, Bukidnon - 20110903_0830",Medium
204,2011-09-11 07:00:00,"Umingan, Pangasinan",Tornado,No notes provided tornado,"Umingan, Pangasinan - 20110911_0700",Medium
205,2011-11-07 06:00:00,"Apalit, Pampanga",Tornado,"Also seen in Calumpit, Bulacan. Can be a landspout. Clockwise (Anticyclonic) rotation. tornado","Apalit, Pampanga - 20111107_0600",Medium
206,2012-02-20 06:00:00,"Kabankalan City, Negros Occidental",Tornado,No pictures/videos of the tornado. tornado,"Kabankalan City, Negros Occidental - 20120220_0600",Medium
207,2012-03-13 12:00:00,"New Washington, Aklan",Tornado,No pictures/videos of the tornado. tornado,"New Washington, Aklan - 20120313_1200",Medium
208,2012-03-29 04:00:00,"La Salle Ave, Bacolod City",Tornado,No pictures/videos of the tornado. tornado,"La Salle Ave, Bacolod City - 20120329_0430",Medium
209,2012-04-10 06:00:00,"Lake Sebu, South Cotabato",Tornado,No pictures/videos of the tornado. tornado,"Lake Sebu, South Cotabato - 20120410_0600",Medium
210,2012-04-12 08:00:00,"Parang, Maguindanao",Tornado,No pictures/videos of the tornado. tornado,"Parang, Maguindanao - 20120412_0800",Medium
211,2012-05-19 07:00:00,"Hagonoy, Bulacan",Tornado,No pictures/videos of the tornado. tornado,"Hagonoy, Bulacan - 20120519_0700",Medium
212,2012-05-22 07:00:00,"San Miguel, Bulacan",Tornado,No pictures/videos of the tornado. tornado,"San Miguel, Bulacan - 20120522_0700",Medium
213,2012-06-20 06:00:00,"Sto. Nino, South Cotabato",Tornado,No pictures/videos of the tornado. tornado,"Sto. Nino, South Cotabato - 20120620_0600",Medium
214,2012-06-21 06:00:00,"Bulan, Sorsogon",Tornado,No pictures/videos of the tornado. tornado,"Bulan, Sorsogon - 20120621_0600",Medium
215,2012-06-30 23:00:00,"Antipas, North Cotabato",Tornado,No pictures/videos of the tornado. tornado,"Antipas, North Cotabato - 20120630_2350",Medium
216,2012-07-27 03:00:00,"Jagna, Bohol",Tornado,No pictures/videos of the tornado. tornado,"Jagna, Bohol - 20120727_0330",Medium
217,2012-08-09 07:00:00,"Banga, South Cotabato",Tornado,No pictures/videos of the tornado. tornado,"Banga, South Cotabato - 20120809_0730",Medium
218,2012-09-07 09:00:00,"Kalunasan, Cebu City",Tornado,Can be a landspout tornado. tornado,"Kalunasan, Cebu City - 20120907_0900",Medium
219,2012-09-23 09:00:00,"Bagong Silangan, Quezon City",Tornado,No notes provided tornado,"Bagong Silangan, Quezon City - 20120923_0930",Medium
220,2012-10-25 07:00:00,"Tiaong, Quezon",Tornado,No pictures/videos of the tornado. tornado,"Tiaong, Quezon - 20121025_0700",Medium
221,2012-10-25 07:00:00,"Infanta, Quezon",Tornado,No pictures/videos of the tornado. tornado,"Infanta, Quezon - 20121025_0700",Medium
222,2012-10-25 08:00:00,"Panukulan, Quezon",Tornado,No pictures/videos of the tornado. tornado,"Panukulan, Quezon - 20121025_0800",Medium
223,2012-12-04 05:00:00,"Alicia, Zamboanga Sibugay",Tornado,No pictures/videos of the tornado. tornado,"Alicia, Zamboanga Sibugay - 20121204_0530",Medium
224,2013-04-26 06:00:00,"Bustos, Bulacan",Tornado,No pictures/videos of the tornado. tornado,"Bustos, Bulacan - 20130426_0600",Medium
225,2013-05-03 07:00:00,"Paniqui, Tarlac",Tornado,Can be a gustnado. No pictures/videos of the tornado. tornado,"Paniqui, Tarlac - 20130503_0700",Medium
226,2013-05-10 06:00:00,"Orion, Bataan",Tornado,No notes provided tornado,"Orion, Bataan - 20130510_0600",Medium
227,2013-05-14 06:00:00,"Sta. Catalina, Ilocos Sur",Tornado,No notes provided tornado,"Sta. Catalina, Ilocos Sur - 20130514_0600",Medium
228,2013-05-24 05:00:00,"Polomolok, South Cotabato",Tornado,No pictures/videos of the tornado. tornado,"Polomolok, South Cotabato - 20130524_0500",Medium
229,2013-05-24 07:00:00,"San Miguel, Bulacan",Tornado,No pictures/videos of the tornado. tornado,"San Miguel, Bulacan - 20130524_0700",Medium
230,2013-05-27 04:00:00,"Estancia, Iloilo",Tornado,No pictures/videos of the tornado. tornado,"Estancia, Iloilo - 20130527_0430",Medium
231,2013-05-29 07:00:00,"Davao City, Davao del Sur",Tornado,"It has the ""look"". Wedge/Multi-vortex tornado. Clockwise (anticyclonic) rotation. tornado, supercell","Davao City, Davao del Sur - 20130529_0700",Medium
232,2013-05-29 09:00:00,"San Pablo, Zamboanga del Sur",Tornado,No pictures/videos of the tornado. tornado,"San Pablo, Zamboanga del Sur - 20130529_0930",Medium
233,2013-06-18 06:00:00,"Minglanilla, Cebu",Tornado,"No research at the moment. Has 06 UTC sounding from Mactan station. Also affected Talisay, Cebu and can be rated as EF2. tornado","Minglanilla, Cebu - 20130618_0600",Medium
234,2013-06-19 23:00:00,"Brookes Point, Palawan",Tornado,No pictures/videos of the tornado. tornado,"Brookes Point, Palawan - 20130619_2300",Medium
235,2013-06-20 05:00:00,"Looc, Occidental Mindoro",Tornado,No pictures/videos of the tornado. tornado,"Looc, Occidental Mindoro - 20130620_0500",Medium
236,2013-06-29 23:00:00,"Jomalig, Quezon",Tornado,No pictures/videos of the tornado. tornado,"Jomalig, Quezon - 20130629_2300",Medium
237,2013-07-17 06:00:00,"Sta. Rosa, Laguna",Tornado,Rope tornado. tornado,"Sta. Rosa, Laguna - 20130717_0600",Medium
238,2013-07-07 06:00:00,"President Quirino, Sultan Kudarat",Tornado,No pictures/videos of the tornado. tornado,"President Quirino, Sultan Kudarat - 20130707_0600",Medium
239,2013-09-13 00:00:00,"Bago City, Negros Occidental",Tornado,No pictures/videos of the tornado. tornado,"Bago City, Negros Occidental - 20130913_0030",Medium
240,2013-11-04 10:00:00,"Oton, Iloilo",Tornado,Nocturnal Tornado. No pictures/videos of the tornado. tornado,"Oton, Iloilo - 20131104_1000",Medium
241,2013-11-04 11:00:00,"Lapu-Lapu City, Cebu",Tornado,"Also affected Mandaue, Cebu. Nocturnal Tornado. No pictures/videos of the tornado. tornado","Lapu-Lapu City, Cebu - 20131104_1100",Medium
242,2013-11-07 09:00:00,"Pikit, North Cotabato",Tornado,No pictures/videos of the tornado. tornado,"Pikit, North Cotabato - 20131107_0900",Medium
243,2014-04-08 06:00:00,"Mambaling, Cebu",Tornado,Potential TC-induced tornado. No pictures/videos of the tornado. tornado,"Mambaling, Cebu - 20140408_0600",Medium
244,2014-04-20 05:00:00,"Upper Labay, General Santos City",Tornado,No pictures/videos of the tornado. tornado,"Upper Labay, General Santos City - 20140420_0530",Medium
245,2014-04-20 10:00:00,"Tinagacan, General Santos City",Tornado,"No pictures/videos of the tornado. Given the proximity to the previous Upper Labay Tornado, it is possible that the meso-storm 're-cycled'. tornado","Tinagacan, General Santos City - 20140420_1000",Medium
246,2014-04-23 06:00:00,"Magsaysay, Davao del Sur",Tornado,No pictures/videos of the tornado. tornado,"Magsaysay, Davao del Sur - 20140423_0600",Medium
247,2014-05-19 09:00:00,"Jaen, Nueva Ecija",Tornado,No notes provided tornado,"Jaen, Nueva Ecija - 20140519_0900",Medium
248,2014-05-19 06:00:00,"San Nicolas, Pangasinan",Tornado,No pictures/videos of the tornado. tornado,"San Nicolas, Pangasinan - 20140519_0600",Medium
249,2014-05-24 06:00:00,"Midsayap, North Cotabato",Tornado,No pictures/videos of the tornado. tornado,"Midsayap, North Cotabato - 20140524_0600",Medium
250,2014-07-01 06:00:00,"Malasiqui, Pangasinan",Tornado,No pictures/videos of the tornado. tornado,"Malasiqui, Pangasinan - 20140701_0600",Medium
251,2014-07-14 03:00:00,"South Upi, Maguindanao",Tornado,No pictures/videos of the tornado. tornado,"South Upi, Maguindanao - 20140714_0300",Medium
252,2014-07-14 09:00:00,"Villasis, Pangasinan",Tornado,No pictures/videos of the tornado. tornado,"Villasis, Pangasinan - 20140714_0900",Medium
253,2014-07-25 06:00:00,"Calasiao, Pangasinan",Tornado,No notes provided tornado,"Calasiao, Pangasinan - 20140725_0600",Medium
254,2014-08-17 09:00:00,"Macabebe, Pampanga",Tornado,No pictures/videos of the tornado. tornado,"Macabebe, Pampanga - 20140817_0900",Medium
255,2014-09-12 06:00:00,"Parang, Maguindanao",Tornado,No notes provided tornado,"Parang, Maguindanao - 20140912_0600",Medium
256,2014-10-14 07:00:00,"Valencia City, Bukidnon",Tornado,No pictures/videos of the tornado. tornado,"Valencia City, Bukidnon - 20141014_0700",Medium
257,2014-10-17 21:00:00,"Metro Cebu, Cebu",Tornado,No pictures/videos of the tornado. tornado,"Metro Cebu, Cebu - 20141017_2130",Medium
258,2014-10-22 05:00:00,"Isabela, Negros Occidental",Tornado,No pictures/videos of the tornado. tornado,"Isabela, Negros Occidental - 20141022_0530",Medium
259,2014-10-22 07:00:00,"San Fernando, Pampanga",Tornado,No pictures/videos of the tornado. tornado,"San Fernando, Pampanga - 20141022_0700",Medium
260,2014-10-24 00:00:00,"Kidapawan City, North Cotabato",Tornado,No pictures/videos of the tornado. tornado,"Kidapawan City, North Cotabato - 20141024_0",Medium
261,2014-10-25 00:00:00,"Kidapawan City, North Cotabato",Tornado,No pictures/videos of the tornado. tornado,"Kidapawan City, North Cotabato - 20141025_0",Medium
262,,"Salibo, Maguindanao",Tornado,No pictures/videos of the tornado. tornado,"Salibo, Maguindanao - 20141131_0600",Medium
263,2015-04-07 00:00:00,"Almada, North Cotabato",Tornado,No pictures/videos of the tornado. tornado,"Almada, North Cotabato - 20150407_0",Medium
264,2015-04-12 08:00:00,"M'lang, North Cotabato",Tornado,No pictures/videos of the tornado. tornado,"M'lang, North Cotabato - 20150412_0800",Medium
265,2015-04-16 00:00:00,"Kabacan, North Cotabato",Tornado,No pictures/videos of the tornado. tornado,"Kabacan, North Cotabato - 20150416_0",Medium
266,2015-04-20 11:00:00,"Kidapawan City, North Cotabato",Tornado,No pictures/videos of the tornado. tornado,"Kidapawan City, North Cotabato - 20150420_1100",Medium
267,2015-04-27 12:00:00,"Kidapawan City, North Cotabato",Tornado,No pictures/videos of the tornado. tornado,"Kidapawan City, North Cotabato - 20150427_1200",Medium
268,2015-04-29 08:00:00,"Tantangan, South Cotabato",Tornado,No pictures/videos of the tornado. tornado,"Tantangan, South Cotabato - 20150429_0800",Medium
269,2015-04-29 06:00:00,"Kidapawan City, North Cotabato",Tornado,No pictures/videos of the tornado. tornado,"Kidapawan City, North Cotabato - 20150429_0600",Medium
270,2015-05-07 08:00:00,"San Pedro, Laguna",Tornado,No notes provided tornado,"San Pedro, Laguna - 20150507_0800",Medium
271,2015-05-27 06:00:00,"Alabat, Quezon",Tornado,No notes provided tornado,"Alabat, Quezon - 20150527_0600",Medium
272,2015-06-07 09:00:00,"Asingan, Pangasinan",Tornado,No pictures/videos of the tornado. tornado,"Asingan, Pangasinan - 20150607_0900",Medium
273,2015-06-14 08:00:00,"Bayambang, Pangasinan",Tornado,No pictures/videos of the tornado. tornado,"Bayambang, Pangasinan - 20150614_0800",Medium
274,2015-07-26 09:00:00,"San Luis, Pampanga",Tornado,No pictures/videos of the tornado. Can be rated as EF2 given the damages. tornado,"San Luis, Pampanga - 20150726_0900",Medium
275,2015-08-13 07:00:00,"Pikit, North Cotabato",Tornado,No pictures/videos of the tornado. Can be rated as EF2 given the damages. tornado,"Pikit, North Cotabato - 20150813_0700",Medium
276,2015-08-27 07:00:00,"Koronadal City, South Cotabato",Tornado,No notes provided tornado,"Koronadal City, South Cotabato - 20150827_0700",Medium
277,2015-10-18 06:00:00,"Tukuran, Zamboanga del Sur",Tornado,No pictures/videos of the tornado. tornado,"Tukuran, Zamboanga del Sur - 20151018_0600",Medium
278,2015-11-10 06:00:00,"Davao City, Davao del Sur",Tornado,No pictures/videos of the tornado. tornado,"Davao City, Davao del Sur - 20151110_0600",Medium
279,2016-05-03 02:00:00,"Kabankalan City, Negros Occidental",Tornado,No pictures/videos of the tornado. tornado,"Kabankalan City, Negros Occidental - 20160503_0200",Medium
280,2016-07-24 08:00:00,"Legazpi City, Albay",Tornado,Can be a landspout tornado. tornado,"Legazpi City, Albay - 20160724_0800",Medium
281,2016-07-31 09:00:00,"Baclayon, Bohol",Tornado,No notes provided tornado,"Baclayon, Bohol - 20160731_0900",Medium
282,2016-08-14 08:00:00,"Manila City, Metro Manila",Tornado,"Also known as Manila Tornado. Well documented, Multi-vortex tornado with a case study in documention col. tornado","Manila City, Metro Manila - 20160814_0830",Medium
283,2016-08-16 10:00:00,"San Miguel, Bulacan",Tornado,No pictures/videos of the tornado. tornado,"San Miguel, Bulacan - 20160816_1000",Medium
284,2016-10-07 08:00:00,"Bogo City, Cebu",Tornado,No pictures/videos of the tornado. tornado,"Bogo City, Cebu - 20161007_0800",Medium
285,2016-11-26 06:00:00,"Moises Padilla, Negros Occidental",Tornado,No pictures/videos of the tornado. tornado,"Moises Padilla, Negros Occidental - 20161126_0630",Medium
286,2016-12-13 04:00:00,"Manapla, Negros Occidental",Tornado,No pictures/videos of the tornado. tornado,"Manapla, Negros Occidental - 20161213_0430",Medium
287,2017-04-02 06:00:00,"Mandaue City, Cebu",Tornado,No pictures/videos of the tornado. tornado,"Mandaue City, Cebu - 20170402_0600",Medium
288,2017-04-16 08:00:00,"Carmen City, Cebu",Tornado,No pictures/videos of the tornado. tornado,"Carmen City, Cebu - 20170416_0800",Medium
289,2017-04-26 06:00:00,"Rosales, Pangasinan",Tornado,No pictures/videos of the tornado. tornado,"Rosales, Pangasinan - 20170426_0600",Medium
290,2017-05-03 08:00:00,"Dasmariñas, Cavite",Tornado,Funnel Cloud tornado,"Dasmariñas, Cavite - 20170503_0800",Medium
291,2017-05-04 05:00:00,"Umingan, Pangasinan",Tornado,No pictures/videos of the tornado. tornado,"Umingan, Pangasinan - 20170504_0500",Medium
292,2017-05-15 12:00:00,"Bacolod City, Negros Occidental",Tornado,No pictures/videos of the tornado. tornado,"Bacolod City, Negros Occidental - 20170515_1200",Medium
293,2017-06-17 11:00:00,"Bago City, Negros Occidental",Tornado,No pictures/videos of the tornado. tornado,"Bago City, Negros Occidental - 20170617_1130",Medium
294,2017-06-23 21:00:00,"San Francisco, Agusan del Sur",Tornado,"With Radar Data from DOST-PAGASA. tornado, supercell","San Francisco, Agusan del Sur - 20170623_2100",Medium
295,2017-06-28 07:00:00,"Mangatarem, Pangasinan",Tornado,No pictures/videos of the tornado. tornado,"Mangatarem, Pangasinan - 20170628_0700",Medium
296,2017-06-29 06:00:00,"Calapan City, Oriental Mindoro",Tornado,Can be a landspout. tornado,"Calapan City, Oriental Mindoro - 20170629_0600",Medium
297,2017-07-07 06:00:00,"Himamaylan City, Negros Occidental",Tornado,No pictures/videos of the tornado. tornado,"Himamaylan City, Negros Occidental - 20170707_0600",Medium
298,2017-07-19 08:00:00,"Lazi, Siquijor",Tornado,No pictures/videos of the tornado. tornado,"Lazi, Siquijor - 20170719_0800",Medium
299,2017-08-08 08:00:00,"Datu Odin Sinsuat, Maguindanao Del Norte",Tornado,No pictures/videos of the tornado. tornado,"Datu Odin Sinsuat, Maguindanao Del Norte - 20170808_0800",Medium
300,2017-10-19 03:00:00,"Impasug Ong, Bukidnon",Tornado,"With Radar Data from DOST-PAGASA. tornado, supercell","Impasug Ong, Bukidnon - 20171019_0300",Medium
301,2018-04-26 13:00:00,"Sta. Cruz, Davao Del Sur",Tornado,No pictures/videos of the tornado. tornado,"Sta. Cruz, Davao Del Sur - 20180426_1300",Medium
302,2018-07-03 12:00:00,"Concepcion, Tarlac",Tornado,No pictures/videos of the tornado. tornado,"Concepcion, Tarlac - 20180703_1200",Medium
303,2018-07-13 02:00:00,"Lamitan City, Basilan",Tornado,No pictures/videos of the tornado. tornado,"Lamitan City, Basilan - 20180713_0200",Medium
304,2018-07-22 12:00:00,"Davao City, Davao del Sur",Tornado,Nocturnal Minor Tornado. tornado,"Davao City, Davao del Sur - 20180722_1200",Medium
305,2018-07-28 08:00:00,"Pagadian City, Zamboanga del Sur",Tornado,No pictures/videos of the tornado. tornado,"Pagadian City, Zamboanga del Sur  - 20180728_0800",Medium
306,2018-08-25 06:00:00,"Sta. Cruz, Ilocos Sur",Tornado,No notes provided tornado,"Sta. Cruz, Ilocos Sur - 20180825_0600",Medium
307,2018-09-07 07:00:00,"Ramos, Tarlac",Tornado,No notes provided tornado,"Ramos, Tarlac - 20180907_0700",Medium
308,2018-09-12 06:00:00,"Calabanga, Camarines Sur",Tornado,No notes provided tornado,"Calabanga, Camarines Sur - 20180912_0600",Medium
309,2018-09-14 09:00:00,"Marikina City, Metro Manila",Tornado,Potential TC-induced tornado tornado,"Marikina City, Metro Manila - 20180914_0900",Medium
310,2018-10-08 12:00:00,"Bayambang, Pangasinan",Tornado,Nocturnal Minor Tornado. No pictures/videos of the tornado. tornado,"Bayambang, Pangasinan - 20181008_1200",Medium
311,2018-11-07 09:00:00,"Davao City, Davao del Sur",Tornado,No notes provided tornado,"Davao City, Davao del Sur - 20181107_0900",Medium
312,2019-04-09 08:00:00,"Tacurong City, Sultan Kudarat",Tornado,"It has the ""look"". tornado, supercell","Tacurong City, Sultan Kudarat - 20190409_0800",Medium
313,2019-05-21 08:00:00,"Canaman, Camarines Sur",Tornado,No notes provided tornado,"Canaman, Camarines Sur - 20190521_0800",Medium
314,2019-05-27 06:00:00,"San Ildefonso, Bulacan",Tornado,No pictures/videos of the tornado. tornado,"San Ildefonso, Bulacan - 20190527_0600",Medium
315,2019-06-04 06:00:00,"San Enrique, Negros Occidental",Tornado,No pictures/videos of the tornado. tornado,"San Enrique, Negros Occidental - 20190604_0600",Medium
316,2019-06-09 07:00:00,"M'lang, North Cotabato",Tornado,No pictures/videos of the tornado. tornado,"M'lang, North Cotabato - 20190609_0700",Medium
317,2019-06-20 06:00:00,"San Jose Del Monte City, Bulacan",Tornado,No pictures/videos of the tornado. tornado,"San Jose Del Monte City, Bulacan - 20190620_0600",Medium
318,2019-07-12 04:00:00,"Ormoc, Leyte",Tornado,No notes provided tornado,"Ormoc, Leyte - 20190712_0400",Medium
319,2019-07-15 07:00:00,"Pototan, Iloilo",Tornado,No notes provided tornado,"Pototan, Iloilo - 20190715_0700",Medium
320,2019-07-29 05:00:00,"Magalang, Pampanga",Tornado,"No research at the moment. But 98433/Tanay sounding at 06 UTC (""closest"" proximity RAOB) show massive instability. tornado","Magalang, Pampanga - 20190729_0500",Medium
321,2019-07-30 08:00:00,"Bocaue, Bulacan",Tornado,With Shelf Cloud. Can be a brief spin-up or landspout. tornado,"Bocaue, Bulacan - 20190730_0800",Medium
322,2019-08-03 01:00:00,"Lavezares, Northern Samar",Tornado,No pictures/videos of the tornado. tornado,"Lavezares, Northern Samar - 20190803_0130",Medium
323,2019-08-03 02:00:00,"La Carlota City, Negros Occidental",Tornado,No pictures/videos of the tornado. tornado,"La Carlota City, Negros Occidental - 20190803_0230",Medium
324,2019-08-08 06:00:00,"Paluan, Occidental Mindoro",Tornado,No pictures/videos of the tornado. tornado,"Paluan, Occidental Mindoro - 20190808_0600",Medium
325,2019-08-09 08:00:00,"San Isidro, Abra",Tornado,No pictures/videos of the tornado. tornado,"San Isidro, Abra - 20190809_0800",Medium
326,2019-08-20 09:00:00,"Davao City, Davao del Sur",Tornado,No pictures/videos of the tornado. tornado,"Davao City, Davao del Sur - 20190820_0900",Medium
327,2019-09-18 08:00:00,"Rizal, Occidental Mindoro",Tornado,No pictures/videos of the tornado. tornado,"Rizal, Occidental Mindoro - 20190918_0800",Medium
328,2019-11-04 06:00:00,"Marawi City, Lanao del Sur",Tornado,No notes provided tornado,"Marawi City, Lanao del Sur - 20191104_0600",Medium
329,2019-11-06 05:00:00,"San Jose, Antique",Tornado,No pictures/videos of the tornado. tornado,"San Jose, Antique - 20191106_0500",Medium
330,2019-12-25 06:00:00,"Calapan City, Oriental Mindoro",Tornado,No notes provided tornado,"Calapan City, Oriental Mindoro - 20191225_0600",Medium
331,2020-04-27 06:00:00,"Bayambang, Pangasinan",Tornado,No pictures/videos of the tornado. tornado,"Bayambang, Pangasinan - 20200427_0600",Medium
332,2020-05-14 07:00:00,"Lagangilang, Abra",Tornado,No pictures/videos of the tornado. tornado,"Lagangilang, Abra - 20200514_0700",Medium
333,2020-05-17 04:00:00,"Metro Cebu, Cebu",Tornado,No notes provided tornado,"Metro Cebu, Cebu - 20200517_0400",Medium
334,2020-06-03 17:00:00,"General Santos City, South Cotabato",Tornado,No notes provided tornado,"General Santos City, South Cotabato - 20200603_1700",Medium
335,2020-06-07 06:00:00,"President Quirino, Sultan Kudarat",Tornado,No pictures/videos of the tornado. tornado,"President Quirino, Sultan Kudarat - 20200607_0600",Medium
336,2020-06-09 09:00:00,"Villasis, Pangasinan",Tornado,"No pictures/videos of the tornado, but with Satellite Imagery. tornado","Villasis, Pangasinan - 20200609_0900",Medium
337,2020-06-14 09:00:00,"Castillejos, Zambales",Tornado,No notes provided tornado,"Castillejos, Zambales  - 20200614_0900",Medium
338,2020-06-15 09:00:00,"Palayan City, Nueva Ecija",Tornado,No notes provided tornado,"Palayan City, Nueva Ecija - 20200615_0900",Medium
339,2020-06-19 06:00:00,"Llañera, Nueva Ecija",Tornado,No notes provided tornado,"Llañera, Nueva Ecija - 20200619_0600",Medium
340,2020-06-25 06:00:00,"Anao, Tarlac",Tornado,No pictures/videos of the tornado. tornado,"Anao, Tarlac - 20200625_0630",Medium
341,2020-07-02 06:00:00,"Oas, Albay",Tornado,Visible funnel cloud. tornado,"Oas, Albay - 20200702_0600",Medium
342,2020-07-02 06:00:00,"Pontevedre, Negros Occidental",Tornado,Rope/snakey tornado tornado,"Pontevedre, Negros Occidental - 20200702_0600",Medium
343,2020-07-18 09:00:00,"Tabuyoc, Pangasinan",Tornado,No notes provided tornado,"Tabuyoc, Pangasinan - 20200718_0900",Medium
344,2020-08-05 08:00:00,"Tudela, Misamis Occidental",Tornado,No notes provided tornado,"Tudela, Misamis Occidental  - 20200805_0800",Medium
345,2020-08-07 06:00:00,"Irosin, Sorsogon",Tornado,No notes provided tornado,"Irosin, Sorsogon - 20200807_0600",Medium
346,2020-09-22 09:00:00,"Lambayong, Sultan Kudarat",Tornado,No pictures/videos of the tornado. tornado,"Lambayong, Sultan Kudarat - 20200922_0930",Medium
347,2020-10-10 06:00:00,"Catbalogan, Samar",Tornado,Can be a landspout tornado. tornado,"Catbalogan, Samar - 20201010_0600",Medium
348,2020-10-15 08:00:00,"Lupon, Davao Oriental",Tornado,With Mesocyclone. tornado,"Lupon, Davao Oriental - 20201015_0800",Medium
349,2020-10-20 05:00:00,"Calatrava, Negros Occidental",Tornado,With Mesocyclone. tornado,"Calatrava, Negros Occidental - 20201020_0500",Medium
350,2020-10-25 07:00:00,"Palimbang, Sultan Kudarat",Tornado,No pictures/videos of the tornado. tornado,"Palimbang, Sultan Kudarat - 20201025_0700",Medium
351,2021-03-24 06:00:00,"Esperanza, Agusan Del Sur",Tornado,No pictures/videos of the tornado. tornado,"Esperanza, Agusan Del Sur - 20210324_0630",Medium
352,2021-04-05 10:00:00,"Tacloban City, Leyte",Tornado,No pictures/videos of the tornado. tornado,"Tacloban City, Leyte - 20210405_1000",Medium
353,2021-05-05 15:00:00,"Molo, Iloilo",Tornado,No pictures/videos of the tornado. tornado,"Molo, Iloilo - 20210505_1530",Medium
354,2021-05-10 11:00:00,"Bayambang, Pangasinan",Tornado,No notes provided tornado,"Bayambang, Pangasinan - 20210510_1100",Medium
355,2021-05-19 06:00:00,"Naga City, Camarines Sur",Tornado,Can be a landspout tornado. tornado,"Naga City, Camarines Sur - 20210519_0600",Medium
356,2021-05-21 07:00:00,"Langalilang, Abra",Tornado,No pictures/videos of the tornado. tornado,"Langalilang, Abra - 20210521_0700",Medium
357,2021-05-23 06:00:00,"Asingan, Pangasinan",Tornado,No pictures/videos of the tornado. tornado,"Asingan, Pangasinan - 20210523_0600",Medium
358,2021-05-28 09:00:00,"Pototan, Iloilo",Tornado,No pictures/videos of the tornado. tornado,"Pototan, Iloilo  - 20210528_0900",Medium
359,2021-05-31 07:00:00,"Tumauini, Isabela",Tornado,No notes provided tornado,"Tumauini, Isabela - 20210531_0700",Medium
360,2021-06-05 06:00:00,"Sara, Iloilo",Tornado,No notes provided tornado,"Sara, Iloilo - 20210605_0600",Medium
361,2021-06-25 08:00:00,"Lambunao, Iloilo",Tornado,No pictures/videos of the tornado. tornado,"Lambunao, Iloilo - 20210625_0800",Medium
362,2021-08-20 02:00:00,"Pavia, Iloilo",Tornado,No notes provided tornado,"Pavia, Iloilo - 20210820_0200",Medium
363,2021-08-30 09:00:00,"Lubao, Pampanga",Tornado,Can be a landspout tornado. tornado,"Lubao, Pampanga - 20210830_0900",Medium
364,2021-08-30 20:00:00,"Kabacan, North Cotabato",Tornado,Can be a landspout tornado or gustnado. No pictures/videos of the tornado. tornado,"Kabacan, North Cotabato - 20210830_2030",Medium
365,2021-09-23 08:00:00,"Tayug, Pangasinan",Tornado,No pictures/videos of the tornado. tornado,"Tayug, Pangasinan - 20210923_0800",Medium
366,2021-10-04 06:00:00,"Sta. Maria, Pangasinan",Tornado,Funnel Cloud tornado,"Sta. Maria, Pangasinan - 20211004_0600",Medium
367,2021-11-14 08:00:00,"Matalam, Cotabato",Tornado,No pictures/videos of the tornado. tornado,"Matalam, Cotabato - 20211114_0800",Medium
368,2022-02-01 10:00:00,"Kabuntalan, Maguindanao",Tornado,No pictures/videos of the tornado. tornado,"Kabuntalan, Maguindanao - 20220201_1000",Medium
369,2022-03-11 05:00:00,"Usadda, Sulu",Tornado,No pictures/videos of the tornado. tornado,"Usadda, Sulu - 20220311_0500",Medium
370,2022-03-16 06:00:00,"San Carlos City, Pangasinan",Tornado,No pictures/videos of the tornado. tornado,"San Carlos City, Pangasinan - 20220316_0600",Medium
371,2022-03-24 18:00:00,"Lambunao, Iloilo",Tornado,No pictures/videos of the tornado. tornado,"Lambunao, Iloilo - 20220324_1800",Medium
372,2022-04-21 09:00:00,"Cotabato City, Maguindanao",Tornado,No pictures/videos of the tornado. tornado,"Cotabato City, Maguindanao - 20220421_0900",Medium
373,2022-05-19 07:00:00,"General Trias, Cavite",Tornado,Rain wrapped tornado tornado,"General Trias, Cavite - 20220519_0700",Medium
374,2022-05-24 06:00:00,"Moises Padilla, Negros Occidental",Tornado,No notes provided tornado,"Moises Padilla, Negros Occidental - 20220524_0600",Medium
375,2022-05-25 10:00:00,"Talavera, Nueva Ecija",Tornado,No pictures/videos of the tornado. tornado,"Talavera, Nueva Ecija - 20220525_1000",Medium
376,2022-06-02 06:00:00,"M'lang, Cotabato",Tornado,No pictures/videos of the tornado. tornado,"M'lang, Cotabato - 20220602_0600",Medium
377,2022-06-20 08:00:00,"San Jose, Nueva Ecija",Tornado,No notes provided tornado,"San Jose, Nueva Ecija - 20220620_0800",Medium
378,2022-06-21 08:00:00,"General Trias, Cavite",Tornado,No research at the moment. tornado,"General Trias, Cavite - 20220621_0830",Medium
379,2022-06-24 09:00:00,"Pototan, Iloilo",Tornado,Rope/Snakey Tornado tornado,"Pototan, Iloilo  - 20220624_0900",Medium
380,2022-07-10 05:00:00,"Pamplona, Camarines Sur",Tornado,Brief tornado. Clockwise (Anticyclonic) rotation. tornado,"Pamplona, Camarines Sur - 20220710_0500",Medium
381,2022-07-11 06:00:00,"Mahayag, Zamboanga del Sur",Tornado,No notes provided tornado,"Mahayag, Zamboanga del Sur - 20220711_0600",Medium
382,2022-07-11 08:00:00,"Hagonoy, Davao del Sur",Tornado,No pictures/videos of the tornado. tornado,"Hagonoy, Davao del Sur - 20220711_0800",Medium
383,2022-07-11 09:00:00,"Digos City, Davao del Sur",Tornado,Funnel Cloud tornado,"Digos City, Davao del Sur - 20220711_0900",Medium
384,2022-07-14 06:00:00,"Viga, Catanduanes",Tornado,Funnel Cloud tornado,"Viga, Catanduanes - 20220714_0600",Medium
385,2022-07-18 09:00:00,"San Narciso, Quezon",Tornado,No pictures/videos of the tornado. tornado,"San Narciso, Quezon - 20220718_0930",Medium
386,2022-07-23 04:00:00,"New Lucena, Iloilo",Tornado,No pictures/videos of the tornado. tornado,"New Lucena, Iloilo - 20220723_0400",Medium
387,2022-07-25 07:00:00,"Bautista, Pangasinan",Tornado,No pictures/videos of the tornado. tornado,"Bautista, Pangasinan - 20220725_0700",Medium
388,2022-07-26 09:00:00,"Dasol, Pangasinan",Tornado,No notes provided tornado,"Dasol, Pangasinan - 20220726_0930",Medium
389,2022-08-05 06:00:00,"San Dionisio, Iloilo",Tornado,No notes provided tornado,"San Dionisio, Iloilo - 20220805_0600",Medium
390,2022-08-12 06:00:00,"Valencia City, Bukidnon",Tornado,Can be a landspout or gustnado. No pictures/videos of the tornado. tornado,"Valencia City, Bukidnon - 20220812_0600",Medium
391,2022-08-19 09:00:00,"Floridablanca, Pampanga",Tornado,No pictures/videos of the tornado. tornado,"Floridablanca, Pampanga - 20220819_0945",Medium
392,2022-08-28 06:00:00,"Nampicuan, Nueva Ecija",Tornado,Can be a landspout tornado. tornado,"Nampicuan, Nueva Ecija - 20220828_0600",Medium
393,2022-08-28 08:00:00,"Mangaldan, Pangasinan",Tornado,No notes provided tornado,"Mangaldan, Pangasinan - 20220828_0800",Medium
394,2022-08-29 08:00:00,"Limay, Bataan",Tornado,No pictures/videos of the tornado. tornado,"Limay, Bataan - 20220829_0800",Medium
395,2023-09-06 10:00:00,"Botolan, Zambales",Tornado,No pictures/videos of the tornado. tornado,"Botolan, Zambales - 20230906_1000",Medium
396,2022-09-09 06:00:00,"Mandaue City, Metro Cebu",Tornado,Can be a landspout tornado. tornado,"Mandaue City, Metro Cebu - 20220909_0600",Medium
397,2022-09-14 07:00:00,"Buluan, Magindanao",Tornado,Funnel Cloud/Rope stage tornado,"Buluan, Magindanao - 20220914_0700",Medium
398,2022-09-20 05:00:00,"President Roxas, Capiz",Tornado,No pictures/videos of the tornado. tornado,"President Roxas, Capiz - 20220920_0530",Medium
399,2022-10-02 12:00:00,"Pagadian City, Zamboanga del Sur",Tornado,No pictures/videos of the tornado. tornado,"Pagadian City, Zamboanga del Sur  - 20221002_1200",Medium
400,2022-10-04 06:00:00,"Basista, Pangasinan",Tornado,No pictures/videos of the tornado. tornado,"Basista, Pangasinan - 20221004_0600",Medium
401,2022-10-30 08:00:00,"Pototan, Iloilo",Tornado,No notes provided tornado,"Pototan, Iloilo - 20221030_0800",Medium
402,2022-11-08 07:00:00,"Ampatuan, Maguindanao del Sur",Tornado,No pictures/videos of the tornado. tornado,"Ampatuan, Maguindanao del Sur - 20221108_0700",Medium
403,2022-11-23 06:00:00,"Iligan City, Lanao del Norte",Tornado,Can be a landspout or gustnado. No pictures/videos of the tornado. tornado,"Iligan City, Lanao del Norte - 20221123_0600",Medium
404,2022-12-23 23:00:00,"Guiuan, Eastern Samar",Tornado,No notes provided tornado,"Guiuan, Eastern Samar - 20221223_2300",Medium
405,2023-01-02 21:00:00,"Oton, Iloilo",Tornado,Early morning tornado. No pictures/videos of the tornado. tornado,"Oton, Iloilo - 20230102_2130",Medium
406,2023-01-03 15:00:00,"Lambunao, Iloilo",Tornado,No pictures/videos of the tornado. tornado,"Lambunao, Iloilo - 20230103_1530",Medium
407,2023-05-01 08:00:00,"Cotabato City, Maguindanao Norte",Tornado,No pictures/videos of the tornado. tornado,"Cotabato City, Maguindanao Norte - 20230501_0800",Medium
408,2023-05-01 09:00:00,"Manaoag, Pangasinan",Tornado,No pictures/videos of the tornado. tornado,"Manaoag, Pangasinan - 20230501_0900",Medium
409,2023-05-18 06:00:00,"Kabankalan City, Negros Occidental",Tornado,No pictures/videos of the tornado. tornado,"Kabankalan City, Negros Occidental - 20230518_0630",Medium
410,2023-05-25 08:00:00,"Anao, Tarlac",Tornado,No pictures/videos of the tornado. tornado,"Anao, Tarlac - 20230525_0800",Medium
411,2023-06-15 06:00:00,"Tambulig, Zamboanga del Sur",Tornado,No notes provided tornado,"Tambulig, Zamboanga del Sur - 20230615_0630",Medium
412,2023-06-22 08:00:00,"Bacolor, Pampanga",Tornado,"Also known as Bacolor Tornado (Photogenic). No research at the moment. But 98433/Tanay sounding at 12 UTC (""closest"" proximity RAOB) show some curved-hodograph from easterly winds and large instability in place. tornado, supercell","Bacolor, Pampanga - 20230622_0830",Medium
413,2023-07-02 07:00:00,"Milaor, Camarines Sur",Tornado,Beautiful funnel cloud. tornado,"Milaor, Camarines Sur - 20230702_0700",Medium
414,2023-07-24 13:00:00,"Vinzons, Camarines Norte",Tornado,No pictures/videos of the tornado. tornado,"Vinzons, Camarines Norte - 20230724_1300",Medium
415,2023-07-25 08:00:00,"Sibalom, Antique",Tornado,Can be a landspout tornado or gustnado. No pictures/videos of the tornado. tornado,"Sibalom, Antique - 20230725_0800",Medium
416,2023-08-09 06:00:00,"Sinunuc, Zamboanga del Sur",Tornado,No notes provided tornado,"Sinunuc, Zamboanga del Sur - 20230809_0600",Medium
417,2023-08-30 06:00:00,"San Ildefonso, Ilocos Sur",Tornado,"No notes provided tornado, supercell","San Ildefonso, Ilocos Sur - 20230830_0600",Medium
418,2023-08-30 03:00:00,"Jaro, Iloilo City",Tornado,No pictures/videos of the tornado. tornado,"Jaro, Iloilo City - 20230830_0300",Medium
419,2023-09-01 01:00:00,"Alaminos City, Pangasinan",Tornado,No pictures/videos of the tornado. tornado,"Alaminos City, Pangasinan - 20230901_0145",Medium
420,2023-09-03 01:00:00,"Luna, La Union",Tornado,No pictures/videos of the tornado. tornado,"Luna, La Union - 20230903_0100",Medium
421,2023-09-28 04:00:00,"Balasan, Iloilo",Tornado,No pictures/videos of the tornado. tornado,"Balasan, Iloilo - 20230928_0400",Medium
422,2023-11-29 07:00:00,"Bongao, Tawi-Tawi",Tornado,No pictures/videos of the tornado. tornado,"Bongao, Tawi-Tawi - 20231129_0730",Medium
423,2023-12-09 07:00:00,"Kabacan, North Cotabato",Tornado,Can be a landspout or gustnado. No pictures/videos of the tornado. tornado,"Kabacan, North Cotabato - 20231209_0730",Medium
424,2023-12-17 00:00:00,"Kolambugan, Lanao del Norte",Tornado,Can be a landspout or gustnado. No pictures/videos of the tornado. tornado,"Kolambugan, Lanao del Norte - 20231217_0000",Medium
425,2024-01-15 06:00:00,"San Remigio, Antique",Tornado,No pictures/videos of the tornado. tornado,"San Remigio, Antique - 20240115_0630",Medium
426,2024-01-29 06:00:00,"Balungao, Pangasinan",Tornado,Can be a landspout or gustnado. No pictures/videos of the tornado. tornado,"Balungao, Pangasinan  - 20240129_0630",Medium
427,2024-03-28 10:00:00,"Montawal, Maguindanao del Sur",Tornado,No pictures/videos of the tornado. tornado,"Montawal, Maguindanao del Sur - 20240328_1000",Medium
428,2024-04-23 06:00:00,"Midsalip, Zamboanga del Sur",Tornado,Can be a landspout or gustnado. No pictures/videos of the tornado. tornado,"Midsalip, Zamboanga del Sur - 20240423_0630",Medium
429,2024-04-25 06:00:00,"Alcala, Cagayan",Tornado,No notes provided tornado,"Alcala, Cagayan - 20240425_0600",Medium
430,2024-05-09 09:00:00,"Balungao, Pangasinan",Tornado,Can be a landspout or gustnado. No pictures/videos of the tornado. tornado,"Balungao, Pangasinan - 20240509_0930",Medium
431,2024-05-17 08:00:00,"Malisiqui, Pangasinan",Tornado,No pictures/videos of the tornado. tornado,"Malisiqui, Pangasinan - 20240517_0800",Medium
432,2024-05-25 18:00:00,"Lavazares, Northern Samar",Tornado,Nocturnal Minor Tornado. tornado,"Lavazares, Northern Samar - 20240525_1830",Medium
433,2024-05-27 06:00:00,"Arayat, Pampanga",Tornado,No notes provided tornado,"Arayat, Pampanga - 20240527_0600",Medium
434,2024-05-29 10:00:00,"Malaybalay City, Bukidnon",Tornado,Nocturnal Minor Tornado. No pictures of the tornado. tornado,"Malaybalay City, Bukidnon - 20240529_1030",Medium
435,2024-06-04 06:00:00,"Tapas, Capiz",Tornado,No pictures/videos of the tornado. tornado,"Tapas, Capiz - 20240604_0600",Medium
436,2024-06-13 07:00:00,"Cabatuan, Iloilo",Tornado,No pictures/videos of the tornado. tornado,"Cabatuan, Iloilo - 20240613_0700",Medium
437,2024-06-23 23:00:00,"Salvador Benedicto, Negros Occidental",Tornado,No pictures/videos of the tornado. tornado,"Salvador Benedicto, Negros Occidental - 20240623_2300",Medium
438,2024-06-24 01:00:00,"Hinigaran, Negros Occidental",Tornado,No pictures/videos of the tornado. tornado,"Hinigaran, Negros Occidental - 20240624_0100",Medium
439,2024-06-26 05:00:00,"Magsingal, Ilocos Sur",Tornado,No pictures/videos of the tornado. tornado,"Magsingal, Ilocos Sur - 20240626_0500",Medium
440,2024-06-29 07:00:00,"Asingan, Pangasinan",Tornado,No pictures/videos of the tornado. tornado,"Asingan, Pangasinan - 20240629_0730",Medium
441,2024-07-03 05:00:00,"Guimba, Nueva Ecija",Tornado,No pictures/videos of the tornado. tornado,"Guimba, Nueva Ecija - 20240703_0500",Medium
442,2024-07-03 08:00:00,"San Rafael, Bulacan",Tornado,No notes provided tornado,"San Rafael, Bulacan - 20240703_0800",Medium
443,2024-07-05 06:00:00,"M'lang, North Cotabato",Tornado,No pictures/videos of the tornado. tornado,"M'lang, North Cotabato - 20240705_0600",Medium
444,2024-07-05 09:00:00,"Gabaldon, Nueva Ecija",Tornado,No pictures/videos of the tornado. tornado,"Gabaldon, Nueva Ecija - 20240705_0900",Medium
445,2024-07-14 22:00:00,"Pilar, Bataan",Tornado,No notes provided tornado,"Pilar, Bataan - 20240714_2200",Medium
446,2024-07-23 06:00:00,"San Andres, Romblon",Tornado,No pictures/videos of the tornado. tornado,"San Andres, Romblon - 20240723_0600",Medium
447,2024-07-23 11:00:00,"Araceli, Palawan",Tornado,No pictures/videos of the tornado. tornado,"Araceli, Palawan - 20240723_1100",Medium
448,2024-07-24 15:00:00,"Tibiao, Panay",Tornado,Nocturnal minor tornado. No pictures/videos of the tornado. tornado,"Tibiao, Panay - 20240724_1500",Medium
449,2024-08-04 08:00:00,"Sangley Point, Cavite",Tornado,Two tornadoes. Cyclonic and Anti-Cyclonic Pairs. tornado,"Sangley Point, Cavite - 20240804_0800",Medium
450,2024-08-05 03:00:00,"Kabankalan, Negros Occidental",Tornado,No notes provided tornado,"Kabankalan, Negros Occidental - 20240805_0300",Medium
451,2024-08-16 08:00:00,"Balindong, Lanao del Sur",Tornado,No pictures/videos of the tornado. tornado,"Balindong, Lanao del Sur - 20240816_0800",Medium
452,2024-08-18 08:00:00,"Anilao, Iloilo",Tornado,No notes provided tornado,"Anilao, Iloilo - 20240818_0800",Medium
453,2024-08-18 08:00:00,"Surallah, South Cotabato",Tornado,No pictures/videos of the tornado. tornado,"Surallah, South Cotabato - 20240818_0800",Medium
454,2024-08-20 07:00:00,"Tanay, Rizal",Tornado,No notes provided tornado,"Tanay, Rizal - 20240820_0730",Medium
455,2024-08-22 12:00:00,"Malaybalay, Bukidnon",Tornado,No pictures/videos of the tornado. tornado,"Malaybalay, Bukidnon - 20240822_1200",Medium
456,2024-08-22 20:00:00,"Taytay, Palawan",Tornado,No pictures/videos of the tornado. tornado,"Taytay, Palawan - 20240822_2000",Medium
457,2024-08-23 01:00:00,"Liloan, Cebu",Tornado,No notes provided tornado,"Liloan, Cebu - 20240823_0145",Medium
458,2024-08-23 05:00:00,"Tanauan City, Batangas",Tornado,No notes provided tornado,"Tanauan City, Batangas - 20240823_0500",Medium
459,2024-08-31 03:00:00,"San Isidro, Leyte",Tornado,No notes provided tornado,"San Isidro, Leyte - 20240831_0300",Medium
460,2024-08-31 04:00:00,"Kananga, Leyte",Tornado,"Likely related to the San Isidro, Leyte Tornado from same TSTM. tornado","Kananga, Leyte - 20240831_0400",Medium
461,2007-09-17 07:00:00,"Barangay 1, Bacolod City",Waterspout,No pictures/videos of the waterspout. waterspout (non-tornadic),"Barangay 1, Bacolod City - 20070917_0700",Medium
462,2008-07-31 08:00:00,"Mactan, Cebu",Waterspout,No pictures/videos of the waterspout. waterspout (non-tornadic),"Mactan, Cebu - 20080731_0800",Medium
463,2009-05-27 09:00:00,"Manila City, Metro Manila",Waterspout,No notes provided waterspout (non-tornadic),"Manila City, Metro Manila - 20090527_0930",Medium
464,2010-07-10 06:00:00,"Danao City, Cebu",Waterspout,No pictures/videos of the waterspout. waterspout (non-tornadic),"Danao City, Cebu - 20100710_0600",Medium
465,2011-07-24 08:00:00,"San Pedro, Laguna",Waterspout,No notes provided waterspout (non-tornadic),"San Pedro, Laguna - 20110724_0800",Medium
466,2012-08-13 05:00:00,"Baybay, Leyte",Waterspout,No notes provided waterspout (non-tornadic),"Baybay, Leyte - 20120813_0500",Medium
467,2013-09-04 07:00:00,"Poblacion-Pinamungajan, Cebu",Waterspout,"No pictures of the hail sample and waterspout. hail, waterspout (non-tornadic)","Poblacion-Pinamungajan, Cebu - 20130904_0700",Medium
468,2013-10-06 08:00:00,"Metro Cebu, Cebu",Waterspout,No notes provided waterspout (non-tornadic),"Metro Cebu, Cebu - 20131006_0830",Medium
469,2013-10-14 02:00:00,"Malimono, Surigao Del Norte",Waterspout,No notes provided waterspout (non-tornadic),"Malimono, Surigao Del Norte - 20131014_0200",Medium
470,2014-04-23 09:00:00,"New Ilocos, Davao del Sur",Waterspout,No pictures/videos of the waterspout. waterspout (non-tornadic),"New Ilocos, Davao del Sur - 20140423_0900",Medium
471,2014-08-16 09:00:00,"Manila City, Metro Manila",Waterspout,No notes provided waterspout (non-tornadic),"Manila City, Metro Manila - 20140816_0930",Medium
472,2014-10-17 18:00:00,"Borbon, Cebu",Waterspout,No pictures/videos of the waterspout. waterspout (non-tornadic),"Borbon, Cebu - 20141017_1830",Medium
473,2014-10-30 04:00:00,"Hinigaran, Negros Occidental",Waterspout,No notes provided waterspout (non-tornadic),"Hinigaran, Negros Occidental - 20141030_0400",Medium
474,2015-07-04 04:00:00,"Aringay, La Union",Waterspout,No pictures/videos of the waterspout. waterspout (non-tornadic),"Aringay, La Union - 20150704_0400",Medium
475,2015-09-02 05:00:00,"Dagupan city, Pangasinan",Waterspout,No pictures/videos of the waterspout. waterspout (non-tornadic),"Dagupan city, Pangasinan - 20150902_0500",Medium
476,2015-09-03 06:00:00,"Cordova, Cebu",Waterspout,No pictures/videos of the waterspout. waterspout (non-tornadic),"Cordova, Cebu - 20150903_0600",Medium
477,2015-09-04 06:00:00,"Daanbantayan, Cebu",Waterspout,No pictures/videos of the waterspout. waterspout (non-tornadic),"Daanbantayan, Cebu - 20150904_0600",Medium
478,2016-06-12 06:00:00,"Bantayan Island, Cebu",Waterspout,No pictures/videos of the waterspout. waterspout (non-tornadic),"Bantayan Island, Cebu - 20160612_0600",Medium
479,2016-06-30 06:00:00,"Camotes Islands, Cebu",Waterspout,No pictures/videos of the waterspout. waterspout (non-tornadic),"Camotes Islands, Cebu - 20160630_0600",Medium
480,2016-07-29 07:00:00,"Mataas na Kahoy, Batangas",Waterspout,No notes provided waterspout (non-tornadic),"Mataas na Kahoy, Batangas - 20160729_0700",Medium
481,2016-09-21 06:00:00,"Libon, Albay",Waterspout,No notes provided waterspout (non-tornadic),"Libon, Albay - 20160921_0600",Medium
482,2016-10-28 06:00:00,"Valladolid, Negros Occiddental",Waterspout,No notes provided waterspout (non-tornadic),"Valladolid, Negros Occiddental - 20161028_0600",Medium
483,2017-04-24 05:00:00,"Mabini, Batangas",Waterspout,No notes provided waterspout (non-tornadic),"Mabini, Batangas - 20170424_0500",Medium
484,2017-06-20 04:00:00,"Lapu-Lapu City, Cebu",Waterspout,Mini Triple spouts waterspout (non-tornadic),"Lapu-Lapu City, Cebu - 20170620_0400",Medium
485,2017-06-27 05:00:00,"Romblon, Romblon",Waterspout,No notes provided waterspout (non-tornadic),"Romblon, Romblon - 20170627_0500",Medium
486,2017-06-29 09:00:00,"Marawi City, Lanao del Sur",Waterspout,No notes provided waterspout (non-tornadic),"Marawi City, Lanao del Sur - 20170629_0900",Medium
487,2017-08-20 05:00:00,"Kawayan, Biliran",Waterspout,No notes provided waterspout (non-tornadic),"Kawayan, Biliran - 20170820_0500",Medium
488,2017-09-18 04:00:00,"Metro Cebu, Cebu",Waterspout,No notes provided waterspout (non-tornadic),"Metro Cebu, Cebu - 20170918_0400",Medium
489,2018-06-25 05:00:00,"Camotes Islands, Cebu",Waterspout,No notes provided waterspout (non-tornadic),"Camotes Islands, Cebu - 20180625_0500",Medium
490,2018-09-20 07:00:00,"Olongapo City, Zambales",Waterspout,No notes provided waterspout (non-tornadic),"Olongapo City, Zambales - 20180920_0730",Medium
491,2019-10-25 06:00:00,"Maasim, Sarangani",Waterspout,No notes provided waterspout (non-tornadic),"Maasim, Sarangani - 20191025_0600",Medium
492,2019-10-30 06:00:00,"Mati, Davao Oriental",Waterspout,No notes provided waterspout (non-tornadic),"Mati, Davao Oriental - 20191030_0600",Medium
493,2020-05-30 09:00:00,Laguna De Bay,Waterspout,Triple spouts waterspout (non-tornadic),Laguna De Bay - 20200530_0930,Medium
494,2020-07-20 03:00:00,"Dauis, Bohol",Waterspout,No notes provided waterspout (non-tornadic),"Dauis, Bohol - 20200720_0330",Medium
495,2020-07-21 06:00:00,"Pinamucan, Batangas",Waterspout,No notes provided waterspout (non-tornadic),"Pinamucan, Batangas - 20200721_0600",Medium
496,2020-07-23 08:00:00,"Lingayen, Pangasinan",Waterspout,No notes provided waterspout (non-tornadic),"Lingayen, Pangasinan - 20200723_0800",Medium
497,2020-07-28 08:00:00,"Candon City, Ilocos Sur",Waterspout,No notes provided waterspout (non-tornadic),"Candon City, Ilocos Sur - 20200728_0800",Medium
498,2020-08-13 05:00:00,"Calubian, Leyte",Waterspout,No notes provided waterspout (non-tornadic),"Calubian, Leyte - 20200813_0500",Medium
499,2020-08-19 06:00:00,"Baleno, Masbate",Waterspout,After a Magnitude 6.6 Earthquake waterspout (non-tornadic),"Baleno, Masbate - 20200819_0600",Medium
500,2020-10-02 06:00:00,"Daanbantayan, Cebu",Waterspout,No notes provided waterspout (non-tornadic),"Daanbantayan, Cebu - 20201002_0600",Medium
501,2020-10-05 09:00:00,"Cagayan De Oro City, Misamis Oriental",Waterspout,No notes provided waterspout (non-tornadic),"Cagayan De Oro City, Misamis Oriental - 20201005_0900",Medium
502,2020-10-16 06:00:00,"Daanbantayan, Cebu",Waterspout,Dual spouts waterspout (non-tornadic),"Daanbantayan, Cebu - 20201016_0600",Medium
503,2020-10-31 05:00:00,"Riotuba Bataraza, Palawan",Waterspout,No notes provided waterspout (non-tornadic),"Riotuba Bataraza, Palawan - 20201031_0530",Medium
504,2021-01-03 06:00:00,"Zamboanga City, Zamboanga del Sur",Waterspout,No notes provided waterspout (non-tornadic),"Zamboanga City, Zamboanga del Sur - 20210103_0600",Medium
505,2021-02-21 06:00:00,"Tandag, Bukidnon",Waterspout,"With Radar Data from DOST-PAGASA. No pictures/videos of the waterspout. waterspout (tornadic), supercell","Tandag, Bukidnon - 20210221_0600",Medium
506,2021-06-02 07:00:00,"Bantayan Island, Cebu",Waterspout,No notes provided waterspout (non-tornadic),"Bantayan Island, Cebu - 20210602_0700",Medium
507,2021-06-10 05:00:00,"Cabugao, Ilocos Sur",Waterspout,No notes provided waterspout (non-tornadic),"Cabugao, Ilocos Sur - 20210610_0500",Medium
508,2021-06-27 02:00:00,"Olutanga, Zamboanga Sibugay",Waterspout,No notes provided waterspout (non-tornadic),"Olutanga, Zamboanga Sibugay - 20210627_0200",Medium
509,2021-07-03 03:00:00,"Baybay City, Leyte",Waterspout,No notes provided waterspout (non-tornadic),"Baybay City, Leyte - 20210703_0300",Medium
510,2021-08-10 06:00:00,"Tayabas, Quezon",Waterspout,No notes provided waterspout (non-tornadic),"Tayabas, Quezon - 20210810_0600",Medium
511,2021-08-20 05:00:00,"Almagro, Samar",Waterspout,No notes provided waterspout (non-tornadic),"Almagro, Samar - 20210820_0500",Medium
512,2021-08-21 06:00:00,"Albay Gulf, Legazpi City",Waterspout,No notes provided waterspout (non-tornadic),"Albay Gulf, Legazpi City - 20210821_0600",Medium
513,2021-11-27 08:00:00,"San Fernando, Romblon",Waterspout,No notes provided waterspout (non-tornadic),"San Fernando, Romblon - 20211127_0800",Medium
514,2022-04-13 05:00:00,"Cantil Beach, Samar",Waterspout,No notes provided waterspout (non-tornadic),"Cantil Beach, Samar - 20220413_0500",Medium
515,2022-04-26 06:00:00,"Balud, Masbate",Waterspout,No notes provided waterspout (non-tornadic),"Balud, Masbate - 20220426_0600",Medium
516,2022-05-03 02:00:00,"Metro Cebu, Cebu",Waterspout,No notes provided waterspout (non-tornadic),"Metro Cebu, Cebu - 20220503_0200",Medium
517,2022-05-06 03:00:00,"Lakewood, Zamboanga Del Sur",Waterspout,No notes provided waterspout (non-tornadic),"Lakewood, Zamboanga Del Sur - 20220506_0300",Medium
518,2022-05-19 06:00:00,"Morong, Bataan",Waterspout,Triple spouts waterspout (non-tornadic),"Morong, Bataan - 20220519_0600",Medium
519,2022-05-19 06:00:00,"Bacolod City, Negros Occidental",Waterspout,No notes provided waterspout (non-tornadic),"Bacolod City, Negros Occidental - 20220519_0600",Medium
520,2022-05-27 06:00:00,"Guihulngan, Negros Oriental",Waterspout,No notes provided waterspout (non-tornadic),"Guihulngan, Negros Oriental - 20220527_0600",Medium
521,2022-06-01 07:00:00,"Bangar, La Union",Waterspout,No notes provided waterspout (non-tornadic),"Bangar, La Union - 20220601_0700",Medium
522,2022-06-03 04:00:00,"Tanjay City, Negros Oriental",Waterspout,No notes provided waterspout (non-tornadic),"Tanjay City, Negros Oriental - 20220603_0400",Medium
523,2022-06-11 06:00:00,"Guihulngan, Negros Oriental",Waterspout,No notes provided waterspout (non-tornadic),"Guihulngan, Negros Oriental - 20220611_0600",Medium
524,2022-06-21 03:00:00,"Argao, Cebu",Waterspout,No notes provided waterspout (non-tornadic),"Argao, Cebu - 20220621_0300",Medium
525,2022-06-22 02:00:00,"Dauis, Bohol",Waterspout,No notes provided waterspout (non-tornadic),"Dauis, Bohol - 20220622_0200",Medium
526,2022-06-22 06:00:00,"Mantigue, Camiguin",Waterspout,No notes provided waterspout (non-tornadic),"Mantigue, Camiguin - 20220622_0600",Medium
527,2022-06-22 07:00:00,"Roxas, Capiz",Waterspout,No notes provided waterspout (non-tornadic),"Roxas, Capiz - 20220622_0700",Medium
528,2022-06-28 05:00:00,"Dela Paz Proper, Batangas City",Waterspout,No notes provided waterspout (tornadic),"Dela Paz Proper, Batangas City - 20220628_0500",Medium
529,2022-07-17 06:00:00,"Lingayen, Pangasinan",Waterspout,No notes provided waterspout (non-tornadic),"Lingayen, Pangasinan - 20220717_0600",Medium
530,2022-07-27 05:00:00,"Bolinao, Pangasinan",Waterspout,No notes provided waterspout (non-tornadic),"Bolinao, Pangasinan - 20220727_0500",Medium
531,2022-08-05 08:00:00,"Concepcion, Iloilo",Waterspout,No notes provided waterspout (non-tornadic),"Concepcion, Iloilo - 20220805_0830",Medium
532,2022-08-07 00:00:00,"Catmon, Cebu",Waterspout,No notes provided waterspout (non-tornadic),"Catmon, Cebu - 20220807_0045",Medium
533,2022-09-06 07:00:00,"San Pascual, Masbate",Waterspout,No notes provided waterspout (non-tornadic),"San Pascual, Masbate - 20220906_0700",Medium
534,2022-09-09 05:00:00,"Lapu-Lapu City, Cebu",Waterspout,No notes provided waterspout (non-tornadic),"Lapu-Lapu City, Cebu - 20220909_0530",Medium
535,2022-10-05 06:00:00,"Lapu-Lapu City, Cebu",Waterspout,No notes provided waterspout (non-tornadic),"Lapu-Lapu City, Cebu - 20221005_0600",Medium
536,2022-11-27 03:00:00,"Panglao, Bohol",Waterspout,No notes provided waterspout (non-tornadic),"Panglao, Bohol - 20221127_0300",Medium
537,2023-01-20 05:00:00,"Manukan, Zamboanga del Norte",Waterspout,No notes provided waterspout (non-tornadic),"Manukan, Zamboanga del Norte - 20230120_0500",Medium
538,2023-02-10 06:00:00,"San Isidro, Surigao del Norte",Waterspout,No notes provided waterspout (non-tornadic),"San Isidro, Surigao del Norte - 20230210_0600",Medium
539,2023-03-26 07:00:00,Boracay Island,Waterspout,No notes provided waterspout (non-tornadic),Boracay Island - 20230326_0700,Medium
540,2023-04-29 07:00:00,"Quezon, Palawan",Waterspout,No notes provided waterspout (non-tornadic),"Quezon, Palawan - 20230429_0700",Medium
541,2023-05-16 23:00:00,Malapascua Island,Waterspout,No notes provided waterspout (non-tornadic),Malapascua Island - 20230516_2300,Medium
542,2023-05-20 05:00:00,Treacherous Bay,Waterspout,Quadruple spouts waterspout (non-tornadic),Treacherous Bay - 20230520_0500,Medium
543,2023-05-25 04:00:00,"Don Marcelino, Davao Occidental",Waterspout,No notes provided waterspout (non-tornadic),"Don Marcelino, Davao Occidental - 20230525_0400",Medium
544,2023-05-25 06:00:00,"Nasugbu, Batangas",Waterspout,No notes provided waterspout (non-tornadic),"Nasugbu, Batangas - 20230525_0600",Medium
545,2023-06-03 06:00:00,"Alicia, Zamboanga Sibugay",Waterspout,No notes provided waterspout (non-tornadic),"Alicia, Zamboanga Sibugay - 20230603_0630",Medium
546,2023-06-07 05:00:00,"Silay City, Bacolod",Waterspout,No notes provided waterspout (non-tornadic),"Silay City, Bacolod - 20230607_0500",Medium
547,2023-06-09 04:00:00,"Poro, Cebu",Waterspout,No notes provided waterspout (non-tornadic),"Poro, Cebu - 20230609_0400",Medium
548,2023-06-09 05:00:00,Hilantagaan Island,Waterspout,No notes provided waterspout (non-tornadic),Hilantagaan Island - 20230609_0500,Medium
549,2023-06-14 05:00:00,"San Jose, Occidental Mindoro",Waterspout,No notes provided waterspout (non-tornadic),"San Jose, Occidental Mindoro - 20230614_0500",Medium
550,2023-06-26 04:00:00,"Orion, Bataan",Waterspout,No notes provided waterspout (non-tornadic),"Orion, Bataan - 20230626_0400",Medium
551,2023-07-06 07:00:00,"Sablayan, Occidental Mindoro",Waterspout,No notes provided waterspout (non-tornadic),"Sablayan, Occidental Mindoro - 20230706_0730",Medium
552,2023-07-10 08:00:00,"Baybay, Leyte",Waterspout,No notes provided waterspout (non-tornadic),"Baybay, Leyte - 20230710_0830",Medium
553,2023-08-19 02:00:00,"Sibutu,Tawi-Tawi",Waterspout,No notes provided waterspout (non-tornadic),"Sibutu,Tawi-Tawi - 20230819_0200",Medium
554,2023-09-07 23:00:00,"Garcia Hernandez, Bohol",Waterspout,Quadruple spouts waterspout (non-tornadic),"Garcia Hernandez, Bohol - 20230907_2300",Medium
555,2023-10-10 04:00:00,"Bayawan City, Negros Oriental",Waterspout,No notes provided waterspout (non-tornadic),"Bayawan City, Negros Oriental - 20231010_0400",Medium
556,2023-10-26 06:00:00,"Ozamiz City, Misamis Occidental",Waterspout,No notes provided waterspout (non-tornadic),"Ozamiz City, Misamis Occidental - 20231026_0600",Medium
557,2023-11-07 04:00:00,"Jordan Wharf, Guimaras",Waterspout,No notes provided waterspout (non-tornadic),"Jordan Wharf, Guimaras - 20231107_0400",Medium
558,2024-01-29 07:00:00,"Looc, Occidental Mindoro",Waterspout,No pictures/videos of the waterspout. waterspout (non-tornadic),"Looc, Occidental Mindoro - 20240129_0700",Medium
559,2024-05-14 04:00:00,"Buruanga, Aklan",Waterspout,No notes provided waterspout (non-tornadic),"Buruanga, Aklan - 20240514_0400",Medium
560,2024-06-02 06:00:00,"Dumaran, Palawan",Waterspout,Dual spouts waterspout (non-tornadic),"Dumaran, Palawan - 20240602_0600",Medium
561,2024-06-05 10:00:00,"Dumangas, Iloilo",Waterspout,No notes provided waterspout (non-tornadic),"Dumangas, Iloilo - 20240605_1000",Medium
562,2024-06-13 10:00:00,"Escalante City, Negros Occidental",Waterspout,Dual spouts waterspout (non-tornadic),"Escalante City, Negros Occidental - 20240613_1000",Medium
563,2024-07-02 06:00:00,"Malay, Aklan",Waterspout,No notes provided waterspout (non-tornadic),"Malay, Aklan - 20240702_0600",Medium
564,2024-07-05 06:00:00,"Bolinao, Pangasinan",Waterspout,No notes provided waterspout (non-tornadic),"Bolinao, Pangasinan - 20240705_0600",Medium
565,2024-07-05 08:00:00,"Victorias City, Negros Occidental",Waterspout,Dual spouts waterspout (non-tornadic),"Victorias City, Negros Occidental - 20240705_0800",Medium
566,2024-07-05 09:00:00,"Verde Island, Batangas",Waterspout,"Initially, Triple spouts. Transitioned to Dual spouts. waterspout (non-tornadic)","Verde Island, Batangas - 20240705_0900",Medium
567,2024-07-07 09:00:00,"Lemery, Batangas",Waterspout,No notes provided waterspout (non-tornadic),"Lemery, Batangas - 20240707_0900",Medium
568,2024-07-16 03:00:00,"Getafe, Bohol",Waterspout,No notes provided waterspout (non-tornadic),"Getafe, Bohol - 20240716_0300",Medium
569,2024-07-18 08:00:00,"Opol, Misamis Oriental",Waterspout,No notes provided waterspout (tornadic),"Opol, Misamis Oriental - 20240718_0800",Medium
570,2024-07-20 05:00:00,"Dimiao, Bohol",Waterspout,No notes provided waterspout (non-tornadic),"Dimiao, Bohol - 20240720_0500",Medium
571,2024-07-21 06:00:00,Polillo Island,Waterspout,No notes provided waterspout (non-tornadic),Polillo Island - 20240721_0600,Medium
572,2024-07-23 06:00:00,"Concepcion, Iloilo",Waterspout,No notes provided waterspout (non-tornadic),"Concepcion, Iloilo - 20240723_0600",Medium
573,2024-07-25 07:00:00,"Narra, Palawan",Waterspout,No notes provided waterspout (tornadic),"Narra, Palawan - 20240725_0700",Medium
574,2024-07-27 07:00:00,"Argao, Cebu",Waterspout,No notes provided waterspout (non-tornadic),"Argao, Cebu - 20240727_0700",Medium
575,2024-08-12 06:00:00,"Mariveles, Bataan",Waterspout,No notes provided waterspout (non-tornadic),"Mariveles, Bataan - 20240812_0600",Medium
576,2024-08-13 04:00:00,"Sinait, Ilocos Sur",Waterspout,Brief spin-up. waterspout (non-tornadic),"Sinait, Ilocos Sur - 20240813_0400",Medium
577,2024-08-15 00:00:00,"Anda, Bohol",Waterspout,No notes provided waterspout (non-tornadic),"Anda, Bohol - 20240815_0000",Medium
578,2024-08-16 06:00:00,"Jetafe, Bohol",Waterspout,Sidewinder Tornado waterspout (tornadic),"Jetafe, Bohol - 20240816_0600",Medium
579,2024-08-17 02:00:00,"Binangonan, Rizal",Waterspout,No notes provided waterspout (non-tornadic),"Binangonan, Rizal - 20240817_0200",Medium
580,2024-08-18 06:00:00,"Carles, Iloilo",Waterspout,"Initially, dual spouts waterspout (non-tornadic)","Carles, Iloilo - 20240818_0600",Medium
581,2024-08-22 08:00:00,"Mandaue City, Cebu",Waterspout,No notes provided waterspout (non-tornadic),"Mandaue City, Cebu - 20240822_0800",Medium
582,2024-08-23 05:00:00,"Lapu-Lapu City, Cebu",Waterspout,"Likely a re-cycled from the Liloan, Cebu tornado earlier in the morning. waterspout (tornadic)","Lapu-Lapu City, Cebu - 20240823_0530",Medium
583,2024-08-23 08:00:00,"Catmon, Cebu",Waterspout,No notes provided waterspout (non-tornadic),"Catmon, Cebu - 20240823_0800",Medium
584,2024-08-24 04:00:00,Panay Gulf,Waterspout,No notes provided waterspout (non-tornadic),Panay Gulf - 20240824_0400,Medium
585,2024-08-24 06:00:00,"Calbiga, Samar",Waterspout,No notes provided waterspout (non-tornadic),"Calbiga, Samar - 20240824_0600",Medium
586,2024-08-24 06:00:00,"Burias Island, Masbate",Waterspout,No notes provided waterspout (non-tornadic),"Burias Island, Masbate - 20240824_0600",Medium
587,2024-08-24 09:00:00,"Dipolog City, Zamboanga Del Norte",Waterspout,No notes provided waterspout (non-tornadic),"Dipolog City, Zamboanga Del Norte - 20240824_0930",Medium
588,2024-08-25 01:00:00,"Guincaiptan, Masbate",Waterspout,No notes provided waterspout (non-tornadic),"Guincaiptan, Masbate - 20240825_0130",Medium
589,2024-08-25 08:00:00,"Ormoc City, Leyte",Waterspout,No notes provided waterspout (non-tornadic),"Ormoc City, Leyte - 20240825_0800",Medium
590,2024-08-26 04:00:00,"Sipocot, Camarines Sur",Waterspout,No notes provided waterspout (non-tornadic),"Sipocot, Camarines Sur - 20240826_0400",Medium
591,2024-08-28 05:00:00,"Catbalogan, Samar",Waterspout,No notes provided waterspout (non-tornadic),"Catbalogan, Samar - 20240828_0500",Medium
592,2024-08-30 04:00:00,Ticao Pass,Waterspout,No notes provided waterspout (non-tornadic),Ticao Pass - 20240830_0430,Medium
593,2024-08-30 08:00:00,"Tinigbasan, Agusan Del Norte",Waterspout,No notes provided waterspout (non-tornadic),"Tinigbasan, Agusan Del Norte - 20240830_0800",Medium
594,2024-08-31 03:00:00,"Agdangan, Quezon",Waterspout,No notes provided waterspout (non-tornadic),"Agdangan, Quezon - 20240831_0300",Medium
595,2024-08-31 06:00:00,"Inabanga, Bohol",Waterspout,No notes provided waterspout (non-tornadic),"Inabanga, Bohol - 20240831_0600",Medium
596,2024-09-01 08:00:00,"Calatrava, Romblon",Waterspout,No notes provided waterspout (non-tornadic),"Calatrava, Romblon - 20240901_0800",Medium
597,2024-09-02 02:00:00,"Sangali, Zamboang City",Waterspout,No notes provided waterspout (tornadic),"Sangali, Zamboang City - 20240902_0200",Medium
598,2026-09-29 00:00:00,Quezon City,Flood,Severe flooding in Quezon City after heavy rain and road closures.,Narrative Analyzer,High
