DateTime,Year,Month,Location,Island Partition,Country,lat,lon,TOR,HAIL,WIND,Tags,Documentation_1,Documentation_2,Documentation_3,Notes,Outbreak,Status Indicator,,,
yyyymmdd_hhmm (UTC),Designated year,Designated month,Town–City ST,"Whether the location is in Luz, Vis, or Min.",CT,(+/-)°N,(+/-)°E,F#,cm,m/s,"tornado, derecho, hail, supercell, etc.","Please provide up to 3 links to youtube, twitter, etc. showing photos/video, if possible) ",,,Interesting fact about this event (not necessary),Name of outbreak or typhoon (if applies),Whether the documentation link is active or not,,,
19680613_1500,1968,June,"Macabebe, Pampanga",Luzon,PH,14.905648,120.665455,EF1,*,*,tornado,Grazulis (2001),,,It is documented in Page 259 of the documentation. Borrow it via the Internet Archive. No pictures/videos of the tornado.,*,Active,,Jan,5
19890603_0700,1989,June,"Malita, Davao del Sur",Mindanao,PH,6.40881,125.614487,EF1,*,*,tornado,Source 1,,,No pictures/videos of the tornado.,*,Active,,Feb,5
19900614_1100,1990,June,"Manukan, Zamboanga del Sur",Mindanao,PH,8.510459,123.090703,EF2*,*,*,tornado,Source 1,,,No pictures/videos of the tornado. Killer tornado.,*,Active,,Mar,14
1991,1991,,"Malolos, Bulacan",Luzon,PH,14.817404,120.83655,EF1,*,*,tornado,PDI (19980812),,,No pictures/videos of the tornado.,*,Preserved,,Apr,24
19910702_0600,1991,July,"Lantapan, Bukidnon",Mindanao,PH,8.003061,125.011455,EF2*,*,*,tornado,Proclamation No. 769,,,No pictures/videos of the tornado.,*,Active,,May (-3),51
19940702_0600,1994,July,"Cagayan de Oro, Misamis Oriental",Mindanao,PH,8.445545,124.640625,EFU,*,*,tornado,Source 1,,,No pictures/videos of the tornado.,*,Active,,Jun,49
19941016_0600,1994,October,"San Fernando, Pampanga",Luzon,PH,15.06083,120.646324,EFU,*,*,tornado,Source 1,,,No pictures/videos of the tornado.,*,Active,,Jul,50
19941119_0600,1994,November,"Datu Piang, Maguindanao",Mindanao,PH,7.032722,124.488204,EF1,*,*,tornado,Source 1,,,No pictures/videos of the tornado.,*,Active,,Aug,52
19941129_0600,1994,November,"Cotabato City, Maguindanao",Mindanao,PH,7.189641,124.24921,EFU,*,*,tornado,Source 1,,,No pictures/videos of the tornado.,*,Active,,Sep,28
199607_0,1996,July,"_, Pangasinan",Luzon,PH,,,EFU,*,*,tornado,PDI (19960713),Source 2,,No pictures/videos of the tornado.,*,Preserved,,Oct,23
19980810_1200,1998,August,"Bulakan, Bulacan",Luzon,PH,14.789314,120.881795,EF2*,*,*,tornado,PDI (19980812),,,No pictures/videos of the tornado.,*,Preserved,,Nov,16
199808_0830,1998,August,"Kalibo, Aklan",Visayas,PH,11.70271,122.37473,EF1,*,*,tornado,PDI (19980817),,,No pictures/videos of the tornado.,*,Preserved,,Dec,7
19990503_0,1999,May,"M'lang, North Cotabato",Mindanao,PH,,,EFU,*,*,tornado,DOST-PAGASA,,,No pictures/videos of the tornado.,*,Active,,,
19990607_0,1999,June,"M'lang, North Cotabato",Mindanao,PH,,,EFU,*,*,tornado,DOST-PAGASA,,,No pictures/videos of the tornado.,*,Active,,,
199908_0,1999,August,"Tagbiliran City, Bohol",Visayas,PH,,,EFU,*,*,tornado,PDI (19990827),Source 2,,No pictures/videos of the tornado.,*,Preserved,,,
19990822_0,1999,August,"San Isidro, Bohol",Visayas,PH,9.856652,123.950895,EFU,*,*,tornado,PDI (20040713),DOST-PAGASA,,No pictures/videos of the tornado.,*,Active,,,
19990920_1200,1999,September,"Sto. Nino, South Cotabato",Mindanao,PH,6.428206,124.680211,EFU,*,*,tornado,PS (19990924),,,No pictures/videos of the tornado.,*,Preserved,,,
200002_,2000,February,"_, South Cotabato",Mindanao,PH,,,EFU,*,*,tornado,MB (20000223),,,No pictures/videos of the tornado.,*,Preserved,,,
200003_,2000,March,"_, Sarangani",Mindanao,PH,,,EFU,*,*,tornado,PDI (20000312),Source 2,,No pictures/videos of the tornado.,*,Preserved,,,
20031219_1200,2003,December,"San Ricardo, Southern Leyte",Visayas,PH,10.003825,125.267633,EF2*,*,*,tornado,NDRRMC,Source 2,,"No pictures/videos of the tornado. Potentially, the deadlist tornado in the Philippines killing ~50 people.",*,Active,,,
20040518_0600,2004,May,"Guimba, Nueva Ecija",Luzon,PH,,,EFU,*,*,tornado,PDI (20040713),Source 2,,No pictures/videos of the tornado.,*,Preserved,,,
20040716_1730,2004,July,"Cawayan, Masbate",Visayas,PH,11.926354,123.769817,EFU,*,*,tornado,Source 1,,,No pictures/videos of the tornado.,*,Active,,,
20040801_1300,2004,August,"Talisay City, Cebu",Visayas,PH,10.248243,123.839978,EFU,*,*,tornado,Source 1,,,No pictures/videos of the tornado.,*,Active,,,
200408_,2004,August,"_, Negros Occidental",Visayas,PH,,,EFU,*,*,tornado,MB (20040819),Source 2,,No pictures/videos of the tornado.,*,Preserved,,,
20050520_0600,2005,May,"Binmaley, Pangasinan",Luzon,PH,16.021713,120.294783,EFU,*,*,tornado,Source 1,,,No pictures/videos of the tornado.,*,Active,,,
20060319_0600,2006,March,"Tupi, South Cotabato",Mindanao,PH,6.380432,124.904377,EFU,*,*,tornado,Source 1,,,No pictures/videos of the tornado.,*,Active,,,
20060510_1300,2006,May,"Sasmuan, Pampanga",Luzon,PH,14.942007,120.621643,EF1,*,*,tornado,Source 1,,,Can be a nocturnal landspout tornado. No pictures/videos of the tornado.,*,Active,,,
20060511_1300,2006,May,"Tampakan, South Cotabato",Mindanao,PH,6.432292,124.907811,EFU,*,*,tornado,Source 1,,,It was reported by the Inquirer News but the link is no longer working as it migrated/changed to a different web domain. No pictures/videos of the tornado.,*,Inactive,,,
20060513_0600,2006,May,"St. Bernard, Leyte",Visayas,PH,10.328229,125.121602,EF1,*,*,tornado,Source 1,,,No pictures/videos of the tornado.,*,Active,,,
20070730_0600,2007,July,"Bustos, Bulacan",Luzon,PH,14.928111,120.924804,EF1,*,*,tornado,Source 1,Source 2,,No pictures/videos of the tornado.,*,Active,,,
20070730_0600,2007,July,"Baliuag, Bulacan",Luzon,PH,14.96703,120.889913,EF1,*,*,tornado,Source 1,Source 2,,No pictures/videos of the tornado.,*,Active,,,
20070807_0600,2007,August,"San Rafael, Bulacan",Luzon,PH,14.988337,120.919497,EF1,*,*,tornado,Source 1,Source 2,,No pictures/videos of the tornado.,*,Active,,,
20070822_2230,2007,August,"San Miguel, Bulacan",Luzon,PH,15.195217,120.965157,EF1,*,*,tornado,Source 1,Source 2,,No pictures/videos of the tornado.,*,Active,,,
20080312_0800,2008,March,"Tupi, South Cotabato",Mindanao,PH,6.363377,124.916593,EFU,*,*,tornado,Source 1,,,No pictures/videos of the tornado.,*,Active,,,
20080113_1200,2008,January,"Bongabong, Oriental Mindoro",Luzon,PH,12.749908,121.475183,EFU,*,*,tornado,Source 1,,,No pictures/videos of the tornado.,*,Active,,,
20080814_0900,2008,August,"Los Baños, Laguna",Luzon,PH,14.164233,121.241143,EFU,*,*,tornado,Source 1,Source 2 ,Source 3,Sometimes known as UPLB tornado.,*,Active,,,
200809_,2008,September,"San Carlos, Negros Occidental",Visayas,PH,,,EFU,*,*,tornado,MB (20080907),Source 2,,No pictures/videos of the tornado.,*,Preserved,,,
20090312_0800,2009,March,"Tupi, South Cotabato",Mindanao,PH,6.385697,124.900101,EFU,*,*,tornado,Source 1,,,No pictures/videos of the tornado.,*,Active,,,
20090515_0600,2009,May,"North Kabuntalan, Maguindanao ",Mindanao,PH,7.171969,124.44662,EFU,*,*,tornado,NDRRMC,Source 2,,No pictures/videos of the tornado.,*,Active,,,
20090604_0100,2009,June,"Quezon City, Metro Manila",Luzon,PH,14.646645,121.061113,EF1,*,*,tornado,MB (20090605),Source 2,,No pictures/videos of the tornado.,*,Preserved,,,
20090614_0800,2009,June,"Sariaya, Quezon",Luzon,PH,13.910467,121.525329,EF1,*,*,tornado,Source 1,,,Posted by Philippine Daily Inquirer 20090818. No pictures/videos of the tornado.,*,Preserved,,,
20090623_0600,2009,June,"Perez Island, Quezon",Luzon,PH,14.193471,121.924727,EF1,*,*,tornado,Source 1,,,Posted by Philippine Daily Inquirer 20090818. No pictures/videos of the tornado.,*,Preserved,,,
20090623_0800,2009,June,"Can-avid, Eastern Samar",Visayas,PH,11.997617,125.445374,EF1,*,*,tornado,Source 1,,,Posted by Philippine Daily Inquirer 20090818. No pictures/videos of the tornado.,*,Preserved,,,
20090810_0900,2009,August,"Oton, Iloilo",Visayas,PH,10.692344,122.481615,EF1,*,*,tornado,Source 1,,,Posted by Philippine Daily Inquirer 20090818. No pictures/videos of the tornado.,*,Preserved,,,
20090815_0600,2009,August,"San Luis, Pampanga",Luzon,PH,15.041253,120.783142,EF1,*,*,tornado,Source 1,,,No pictures/videos of the tornado.,*,Active,,,
20090816_0600,2009,August,"Balagtas, Bulacan",Luzon,PH,14.813304,120.911371,EF1,*,*,tornado,Source 1,,,No pictures/videos of the tornado.,*,Active,,,
20090831_0600,2009,August,"Sta. Rosa, Laguna",Luzon,PH,14.284893,121.107567,EFU,*,*,tornado,Source 1,,,,*,Active,,,
20090913_0700,2009,September,"Koronadal City, South Cotabato",Mindanao,PH,6.517506,124.822662,EF1,*,*,tornado,Source 1,,,No pictures/videos of the tornado.,*,Active,,,
20090930_0800,2009,September,"Tupi, South Cotabato",Mindanao,PH,6.376781,124.951448,EF1,*,*,tornado,Source 1,,,Likely a provincial-scale outbreak. No pictures/videos of the tornado.,South Cotabato Tornado Outbreak,Active,,,
20090930_0800,2009,September,"Surallah, South Cotabato",Mindanao,PH,6.325819,124.782969,EF1,*,*,tornado,Source 1,,,Likely a provincial-scale outbreak. No pictures/videos of the tornado.,South Cotabato Tornado Outbreak,Active,,,
20090930_0800,2009,September,"Banga, South Cotabato",Mindanao,PH,6.406965,124.772907,EF1,*,*,tornado,Source 1,,,Likely a provincial-scale outbreak. No pictures/videos of the tornado.,South Cotabato Tornado Outbreak,Active,,,
20090930_0800,2009,September,"Sto. Niño, South Cotabato",Mindanao,PH,6.452373,124.68621,EF1,*,*,tornado,Source 1,,,Likely a provincial-scale outbreak. No pictures/videos of the tornado.,South Cotabato Tornado Outbreak,Active,,,
20090930_0800,2009,September,"Tantangan, South Cotabato",Mindanao,PH,6.552124,124.800933,EF1,*,*,tornado,Source 1,,,Likely a provincial-scale outbreak. No pictures/videos of the tornado.,South Cotabato Tornado Outbreak,Active,,,
20090930_0800,2009,September,"Koronadal City, South Cotabato",Mindanao,PH,6.437691,124.879676,EF1,*,*,tornado,Source 1,,,Likely a provincial-scale outbreak. No pictures/videos of the tornado.,South Cotabato Tornado Outbreak,Active,,,
20091014_0600,2009,October,"Senator Ninoy Aquino, Sultan Kudarat",Mindanao,PH,6.376489,124.35282,EFU,*,*,tornado,Source 1,,,No pictures/videos of the tornado.,*,Active,,,
20100610_0600,2010,June,"Bustos, Bulacan",Luzon,PH,14.91491,120.935011,EFU,*,*,tornado,DOST-PAGASA,,,No pictures/videos of the tornado.,*,Active,,,
20100819_0800,2010,August,"Jimenez, Misamis Occidental",Mindanao,PH,8.320077,123.841854,EF1,*,*,tornado,Source 1,,,No pictures/videos of the tornado.,*,Active,,,
20110205_0800,2011,February,"Banga, South Cotabato",Mindanao,PH,6.469519,124.754559,EFU,*,*,tornado,NDRRMC,,,No pictures/videos of the tornado.,*,Active,,,
20110223_0800,2011,February,"Glan, Sarangani",Mindanao,PH,5.712117,125.27227,EF1,*,*,tornado,Source 1,,,No pictures/videos of the tornado.,*,Active,,,
20110314_0830,2011,March,"Maimbung, Sulu",Mindanao,PH,5.951665,121.011992,EFU,*,*,tornado,NDRRMC,,,No pictures/videos of the tornado.,*,Active,,,
20110317_0600,2011,March,"Banga, South Cotabato",Mindanao,PH,6.490234,124.745182,EFU,*,*,tornado,NDRRMC,NDRRMC,,No pictures/videos of the tornado.,*,Active,,,
20110317_1200,2011,March,"Kolambugan, Lanao del Norte",Mindanao,PH,8.095604,123.841189,EF1,*,*,tornado,NDRRMC,,,No pictures/videos of the tornado.,*,Active,,,
20110507_1000,2011,May,"Calumpit, Bulacan",Luzon,PH,14.913462,120.763728,EFU,*,*,tornado,NDRRMC,Source 2,,No pictures/videos of the tornado.,*,Active,,,
20110525_0900,2011,May,"Cabiao, Nueva Ecija",Luzon,PH,15.227823,120.865614,EF1,*,*,tornado,Source 1,,,No pictures/videos of the tornado.,*,Active,,,
20110624_0400,2011,June,"New Manila, Quezon City",Luzon,PH,14.621982,121.036447,EF1,*,*,tornado,Source 1,Source 2,Source 3,No pictures/videos of the tornado.,*,Active,,,
20110624_0530,2011,June,"Barotac Nuevo, Iloilo",Visayas,PH,10.900476,122.756105,EFU,*,*,tornado,NDRRMC,Source 2,,No pictures/videos of the tornado.,*,Active,,,
20110625_0700,2011,June,"Meycauayan, Bulacan",Luzon,PH,14.731934,120.953395,EF1,*,*,tornado,DOST-PAGASA,,,No pictures/videos of the tornado.,*,Active,,,
20110729_0700,2011,July,"Cagayan de Oro, Misamis Oriental",Mindanao,PH,8.487212,124.625977,EF1,*,*,tornado,NDRRMC,NDRRMC,,No pictures/videos of the tornado.,*,Active,,,
20110903_0830,2011,September,"Valencia City, Bukidnon",Mindanao,PH,7.914859,125.109644,EF1,*,*,tornado,NDRRMC,Source 2,,No pictures/videos of the tornado.,*,Active,,,
20110911_0700,2011,September,"Umingan, Pangasinan",Luzon,PH,15.923126,120.812793,EFU,*,*,tornado,Source 1,,,,*,Active,,,
20111107_0600,2011,November,"Apalit, Pampanga",Luzon,PH,14.933461,120.763344,EFU,*,*,tornado,Source 1,Source 2,,"Also seen in Calumpit, Bulacan. Can be a landspout. Clockwise (Anticyclonic) rotation. ",*,Active,,,
20120220_0600,2012,February,"Kabankalan City, Negros Occidental",Visayas,PH,9.726204,122.783418,EF1,*,*,tornado,NDRRMC,,,No pictures/videos of the tornado.,*,Active,,,
20120313_1200,2012,March,"New Washington, Aklan",Visayas,PH,11.658596,122.424361,EFU,*,*,tornado,Source 1,,,No pictures/videos of the tornado.,*,Active,,,
20120329_0430,2012,March,"La Salle Ave, Bacolod City",Visayas,PH,10.674979,122.960437,EF1,*,*,tornado,NDRRMC,Source 2,Source 3,No pictures/videos of the tornado.,*,Active,,,
20120410_0600,2012,April,"Lake Sebu, South Cotabato",Mindanao,PH,6.225531,124.714298,EF1,*,*,tornado,Source 1,Source 2,Source 3,No pictures/videos of the tornado.,*,Active,,,
20120412_0800,2012,April,"Parang, Maguindanao",Mindanao,PH,7.353831,124.219232,EFU,*,*,tornado,Source 1,,,No pictures/videos of the tornado.,*,Active,,,
20120519_0700,2012,May,"Hagonoy, Bulacan",Luzon,PH,14.816143,120.733248,EFU,*,*,tornado,Source 1,,,No pictures/videos of the tornado.,*,Active,,,
20120522_0700,2012,May,"San Miguel, Bulacan",Luzon,PH,15.203504,120.978447,EF1,*,*,tornado,Source 1,,,No pictures/videos of the tornado.,*,Active,,,
20120620_0600,2012,June,"Sto. Nino, South Cotabato",Mindanao,PH,6.447804,124.689383,EFU,*,*,tornado,NDRRMC,,,No pictures/videos of the tornado.,*,Active,,,
20120621_0600,2012,June,"Bulan, Sorsogon",Luzon,PH,12.693784,123.860333,EFU,*,*,tornado,NDRRMC,,,No pictures/videos of the tornado.,*,Active,,,
20120630_2350,2012,June,"Antipas, North Cotabato",Mindanao,PH,7.244625,125.082049,EFU,*,*,tornado,Source 1,Source 2,,No pictures/videos of the tornado.,*,Active,,,
20120727_0330,2012,July,"Jagna, Bohol",Visayas,PH,9.643277,124.362815,EF1,*,*,tornado,Source 1,,,No pictures/videos of the tornado.,*,Active,,,
20120809_0730,2012,August,"Banga, South Cotabato",Mindanao,PH,6.37092,124.786349,EF1,*,*,tornado,NDRRMC,,,No pictures/videos of the tornado.,*,Active,,,
20120907_0900,2012,September,"Kalunasan, Cebu City",Visayas,PH,10.309771,123.846378,EF0,*,*,tornado,Source 1,Source 2,Source 3,Can be a landspout tornado.,*,Active,,,
20120923_0930,2012,September,"Bagong Silangan, Quezon City",Luzon,PH,14.706802,121.109741,EF1,*,*,tornado,Source 1,Source 2,Source 3,,*,Active,,,
20121025_0700,2012,October,"Tiaong, Quezon",Luzon,PH,13.949131,121.328882,EFU,*,*,tornado,NDRRMC,,,No pictures/videos of the tornado.,*,Active,,,
20121025_0700,2012,October,"Infanta, Quezon",Luzon,PH,14.743985,121.661564,EFU,*,*,tornado,NDRRMC,,,No pictures/videos of the tornado.,*,Active,,,
20121025_0800,2012,October,"Panukulan, Quezon",Luzon,PH,14.931517,121.826807,EFU,*,*,tornado,NDRRMC,,,No pictures/videos of the tornado.,*,Active,,,
20121204_0530,2012,December,"Alicia, Zamboanga Sibugay",Mindanao,PH,7.509268,122.945149,EFU,*,*,tornado,NDRRMC,NDRRMC,,No pictures/videos of the tornado.,*,Active,,,
20130426_0600,2013,April,"Bustos, Bulacan",Luzon,PH,14.910056,120.947219,EF1,*,*,tornado,Source 1,,,No pictures/videos of the tornado.,*,Active,,,
20130503_0700,2013,May,"Paniqui, Tarlac",Luzon,PH,15.690302,120.552053,EF1,*,*,tornado,NDRRMC,Source 2,Source 3,Can be a gustnado. No pictures/videos of the tornado.,*,Active,,,
20130510_0600,2013,May,"Orion, Bataan",Luzon,PH,14.623227,120.573963,EFU,*,*,tornado,Source 1,,,,*,Active,,,
20130514_0600,2013,May,"Sta. Catalina, Ilocos Sur",Luzon,PH,17.585036,120.359899,EF1,*,*,tornado,Source 1,,,,*,Active,,,
20130524_0500,2013,May,"Polomolok, South Cotabato",Mindanao,PH,6.234403,125.099143,EFU,*,*,tornado,NDRRMC,Source 2,Source 3,No pictures/videos of the tornado.,*,Active,,,
20130524_0700,2013,May,"San Miguel, Bulacan",Luzon,PH,15.142822,120.982187,EF1,*,*,tornado,Source 1,,,No pictures/videos of the tornado.,*,Active,,,
20130527_0430,2013,May,"Estancia, Iloilo",Visayas,PH,11.464868,123.148627,EFU,*,*,tornado,Source 1,,,No pictures/videos of the tornado.,*,Active,,,
20130529_0700,2013,May,"Davao City, Davao del Sur",Mindanao,PH,7.240186,125.456867,EF1,*,*,"tornado, supercell",Source 1,Source 2,Source 3,"It has the ""look"". Wedge/Multi-vortex tornado. Clockwise (anticyclonic) rotation.",*,Active,,,
20130529_0930,2013,May,"San Pablo, Zamboanga del Sur",Mindanao,PH,7.652504,123.458804,EF1,*,*,tornado,Source 1,Source 2,,No pictures/videos of the tornado.,*,Active,,,
20130618_0600,2013,June,"Minglanilla, Cebu",Visayas,PH,10.241197,123.802309,EF2*,*,*,tornado,Source 1,Source 2,Source 3,"No research at the moment. Has 06 UTC sounding from Mactan station. Also affected Talisay, Cebu and can be rated as EF2. ",*,Active,,,
20130619_2300,2013,June,"Brookes Point, Palawan",Luzon,PH,8.809312,117.827042,EF1,*,*,tornado,NDRRMC,,,No pictures/videos of the tornado.,*,Preserved,,,
20130620_0500,2013,June,"Looc, Occidental Mindoro",Luzon,PH,13.764421,120.247139,EF1,*,*,tornado,NDRRMC,,,No pictures/videos of the tornado.,*,Preserved,,,
20130629_2300,2013,June,"Jomalig, Quezon",Luzon,PH,14.714548,122.420585,EF1,*,*,tornado,NDRRMC,,,No pictures/videos of the tornado.,*,Preserved,,,
20130717_0600,2013,July,"Sta. Rosa, Laguna",Luzon,PH,14.320738,121.117392,EFU,*,*,tornado,Source 1,,,Rope tornado. ,*,Active,,,
20130707_0600,2013,July,"President Quirino, Sultan Kudarat",Mindanao,PH,6.723893,124.739865,EFU,*,*,tornado,Source 1,,,No pictures/videos of the tornado.,*,Active,,,
20130913_0030,2013,September,"Bago City, Negros Occidental",Visayas,PH,10.46179,123.046827,EFU,*,*,tornado,NDRRMC,,,No pictures/videos of the tornado.,*,Active,,,
20131104_1000,2013,November,"Oton, Iloilo",Visayas,PH,10.687623,122.445347,EF1,*,*,tornado,Source 1,Source 2,,Nocturnal Tornado. No pictures/videos of the tornado.,*,Active,,,
20131104_1100,2013,November,"Lapu-Lapu City, Cebu",Visayas,PH,10.324743,123.935134,EF2*,*,*,tornado,Source 1,Source 2,Source 3,"Also affected Mandaue, Cebu. Nocturnal Tornado. No pictures/videos of the tornado.",*,Active,,,
20131107_0900,2013,November,"Pikit, North Cotabato",Mindanao,PH,7.049076,124.603232,EF1,*,*,tornado,Source 1,,,No pictures/videos of the tornado.,*,Active,,,
20140408_0600,2014,April,"Mambaling, Cebu",Visayas,PH,10.288947,123.879685,EF1,*,*,tornado,Source 1,Source 2,Source 3,Potential TC-induced tornado. No pictures/videos of the tornado.,*,Active,,,
20140420_0530,2014,April,"Upper Labay, General Santos City",Mindanao,PH,6.260616,125.227506,EFU,*,*,tornado,NDRRMC,,,No pictures/videos of the tornado.,*,Active,,,
20140420_1000,2014,April,"Tinagacan, General Santos City",Mindanao,PH,6.20258,125.222094,EFU,*,*,tornado,Source 1,,,"No pictures/videos of the tornado. Given the proximity to the previous Upper Labay Tornado, it is possible that the meso-storm 're-cycled'.",*,Active,,,
20140423_0600,2014,April,"Magsaysay, Davao del Sur",Mindanao,PH,6.765112,125.139337,EFU,*,*,tornado,Source 1,,,No pictures/videos of the tornado.,*,Active,,,
20140519_0900,2014,May,"Jaen, Nueva Ecija",Luzon,PH,15.391808,120.937746,EF1,*,*,tornado,Source 1,Source 2,,,*,Active,,,
20140519_0600,2014,May,"San Nicolas, Pangasinan",Luzon,PH,16.067751,120.746567,EF1,*,*,tornado,Source 1,,,No pictures/videos of the tornado.,*,Active,,,
20140524_0600,2014,May,"Midsayap, North Cotabato",Mindanao,PH,7.151411,124.494957,EF1,*,*,tornado,Source 1,,,No pictures/videos of the tornado.,*,Active,,,
20140701_0600,2014,July,"Malasiqui, Pangasinan",Luzon,PH,15.939161,120.403004,EF1,*,*,tornado,Source 1,Source 2,,No pictures/videos of the tornado.,*,Active,,,
20140714_0300,2014,July,"South Upi, Maguindanao",Mindanao,PH,6.855943,124.249941,EF1,*,*,tornado,Source 1,Source 2,Source 3,No pictures/videos of the tornado.,*,Active,,,
20140714_0900,2014,July,"Villasis, Pangasinan",Luzon,PH,15.910614,120.567774,EF1,*,*,tornado,Source 1,,,No pictures/videos of the tornado.,*,Active,,,
20140725_0600,2014,July,"Calasiao, Pangasinan",Luzon,PH,15.991265,120.384688,EFU,*,*,tornado,Source 1,Source 2,,,*,Active,,,
20140817_0900,2014,August,"Macabebe, Pampanga",Luzon,PH,14.872043,120.645645,EFU,*,*,tornado,Source 1,Source 2,Source 3,No pictures/videos of the tornado.,*,Active,,,
20140912_0600,2014,September,"Parang, Maguindanao",Mindanao,PH,7.348238,124.275856,EFU,*,*,tornado,Source 1,,,,*,Active,,,
20141014_0700,2014,October,"Valencia City, Bukidnon",Mindanao,PH,7.971359,125.129295,EF1,*,*,tornado,Source 1,,,No pictures/videos of the tornado.,*,Active,,,
20141017_2130,2014,October,"Metro Cebu, Cebu",Visayas,PH,10.303241,123.890901,EF1,*,*,tornado,Source 1,,,No pictures/videos of the tornado.,*,Active,,,
20141022_0530,2014,October,"Isabela, Negros Occidental",Visayas,PH,10.162345,123.008075,EF1,*,*,tornado,Source 1,Source 2,Source 3,No pictures/videos of the tornado.,*,Active,,,
20141022_0700,2014,October,"San Fernando, Pampanga",Luzon,PH,15.055589,120.671926,EF1,*,*,tornado,Source 1,,,No pictures/videos of the tornado.,*,Active,,,
20141024_0,2014,October,"Kidapawan City, North Cotabato",Mindanao,PH,7.306372,124.835413,EF1,*,*,tornado,Source 1,,,No pictures/videos of the tornado.,*,Active,,,
20141025_0,2014,October,"Kidapawan City, North Cotabato",Mindanao,PH,7.198631,124.791469,EF1,*,*,tornado,Source 1,,,No pictures/videos of the tornado.,*,Active,,,
20141131_0600,2014,November,"Salibo, Maguindanao",Mindanao,PH,6.982143,124.42759,EF1,*,*,tornado,Source 1,,,No pictures/videos of the tornado.,*,Active,,,
20150407_0,2015,April,"Almada, North Cotabato",Mindanao,PH,7.540587,124.537223,EF1,*,*,tornado,Source 1,,,No pictures/videos of the tornado.,*,Active,,,
20150412_0800,2015,April,"M'lang, North Cotabato",Mindanao,PH,6.948538,124.876997,EF1,*,*,tornado,Source 1,Source 2,Source 3,No pictures/videos of the tornado.,*,Active,,,
20150416_0,2015,April,"Kabacan, North Cotabato",Mindanao,PH,7.09464,124.79759,EF1,*,*,tornado,Source 1,Source 2,,No pictures/videos of the tornado.,*,Active,,,
20150420_1100,2015,April,"Kidapawan City, North Cotabato",Mindanao,PH,7.030822,125.032743,EFU,*,*,tornado,Source 1,Source 2,,No pictures/videos of the tornado.,*,Active,,,
20150427_1200,2015,April,"Kidapawan City, North Cotabato",Mindanao,PH,7.025263,125.118795,EF1,*,*,tornado,Source 1,,,No pictures/videos of the tornado.,*,Active,,,
20150429_0800,2015,April,"Tantangan, South Cotabato",Mindanao,PH,6.586023,124.681467,EFU,*,*,tornado,Source 1,,,No pictures/videos of the tornado.,*,Active,,,
20150429_0600,2015,April,"Kidapawan City, North Cotabato",Mindanao,PH,7.031036,125.104839,EFU,*,*,tornado,Source 1,Source 2,,No pictures/videos of the tornado.,*,Active,,,
20150507_0800,2015,May,"San Pedro, Laguna",Luzon,PH,14.355317,121.022278,EF1,*,*,tornado,Source 1,,,,*,Active,,,
20150527_0600,2015,May,"Alabat, Quezon",Luzon,PH,14.096071,122.011979,EFU,*,*,tornado,Source 1,,,,*,Active,,,
20150607_0900,2015,June,"Asingan, Pangasinan",Luzon,PH,15.994091,120.684402,EF1,*,*,tornado,Source 1,,,No pictures/videos of the tornado.,*,Active,,,
20150614_0800,2015,June,"Bayambang, Pangasinan",Luzon,PH,15.799121,120.418661,EF1,*,*,tornado,Source 1,,,No pictures/videos of the tornado.,*,Active,,,
20150726_0900,2015,July,"San Luis, Pampanga",Luzon,PH,15.041265,120.790281,EF1,*,*,tornado,Source 1,Source 2,,No pictures/videos of the tornado. Can be rated as EF2 given the damages.,*,Active,,,
20150813_0700,2015,August,"Pikit, North Cotabato",Mindanao,PH,7.041809,124.614545,EF2*,*,*,tornado,Source 1,Source 2,,No pictures/videos of the tornado. Can be rated as EF2 given the damages.,*,Active,,,
20150827_0700,2015,August,"Koronadal City, South Cotabato",Mindanao,PH,6.407639,124.79626,EF1,*,*,tornado,Source 1,Source 2,,,*,Active,,,
20151018_0600,2015,October,"Tukuran, Zamboanga del Sur",Mindanao,PH,7.855592,123.572756,EF1,*,*,tornado,Source 1,,,No pictures/videos of the tornado.,*,Active,,,
20151110_0600,2015,November,"Davao City, Davao del Sur",Mindanao,PH,7.064207,125.449595,EF1,*,*,tornado,Source 1,,,No pictures/videos of the tornado.,*,Active,,,
20160503_0200,2016,May,"Kabankalan City, Negros Occidental",Visayas,PH,9.767798,122.735994,EFU,*,*,tornado,Source 1,Source 2,Source 3,No pictures/videos of the tornado.,*,Active,,,
20160724_0800,2016,July,"Legazpi City, Albay",Luzon,PH,13.126036,123.769826,EFU,*,*,tornado,Source 1,Source 2,Source 3,Can be a landspout tornado.,*,Active,,,
20160731_0900,2016,July,"Baclayon, Bohol",Visayas,PH,9.625961,123.909825,EF1,*,*,tornado,Source 1,Source 2,,,*,Active,,,
20160814_0830,2016,August,"Manila City, Metro Manila",Luzon,PH,14.591315,120.969517,EF1,*,*,tornado,DOST-PAGASA,Capuli (2023),,"Also known as Manila Tornado. Well documented, Multi-vortex tornado with a case study in documention col.",*,Active,,,
20160816_1000,2016,August,"San Miguel, Bulacan",Luzon,PH,15.167702,121.059616,EFU,*,*,tornado,Source 1,,,No pictures/videos of the tornado.,*,Active,,,
20161007_0800,2016,October,"Bogo City, Cebu",Visayas,PH,10.99807,124.040908,EF1,*,*,tornado,Source 1,,,No pictures/videos of the tornado.,*,Active,,,
20161126_0630,2016,November,"Moises Padilla, Negros Occidental",Visayas,PH,10.251407,123.061698,EF1,*,*,tornado,Source 1,Source 2,Source 3,No pictures/videos of the tornado.,*,Active,,,
20161213_0430,2016,December,"Manapla, Negros Occidental",Visayas,PH,10.954811,123.125517,EF1,*,*,tornado,Source 1,Source 2,,No pictures/videos of the tornado.,*,Active,,,
20170402_0600,2017,April,"Mandaue City, Cebu",Visayas,PH,10.326361,123.935661,EFU,*,*,tornado,Source 1,,,No pictures/videos of the tornado.,*,Active,,,
20170416_0800,2017,April,"Carmen City, Cebu",Visayas,PH,10.568661,124.019713,EFU,*,*,tornado,Source 1,,,No pictures/videos of the tornado.,*,Active,,,
20170426_0600,2017,April,"Rosales, Pangasinan",Luzon,PH,15.886428,120.62884,EFU,*,*,tornado,DSWD DROMIC,,,No pictures/videos of the tornado.,*,Active,,,
20170503_0800,2017,May,"Dasmariñas, Cavite",Luzon,PH,14.320409,120.96538,EFU,*,*,tornado,Source 1,Source 2,,Funnel Cloud,*,Active,,,
20170504_0500,2017,May,"Umingan, Pangasinan",Luzon,PH,15.907325,120.828858,EF1,*,*,tornado,Source 1,Source 2,,No pictures/videos of the tornado.,*,Active,,,
20170515_1200,2017,May,"Bacolod City, Negros Occidental",Visayas,PH,10.529857,122.843459,EFU,*,*,tornado,DSWD DROMIC,Source 2,,No pictures/videos of the tornado.,*,Active,,,
20170617_1130,2017,June,"Bago City, Negros Occidental",Visayas,PH,10.435202,122.882315,EF1,*,*,tornado,Source 1,Source 2,,No pictures/videos of the tornado.,*,Active,,,
20170623_2100,2017,June,"San Francisco, Agusan del Sur",Mindanao,PH,8.461179,125.86423,EF1,*,*,"tornado, supercell",DOST-PAGASA,DOST-PAGASA,,With Radar Data from DOST-PAGASA.,*,Active,,,
20170628_0700,2017,June,"Mangatarem, Pangasinan",Luzon,PH,15.761789,120.326749,EF1,*,*,tornado,Source 1,,,No pictures/videos of the tornado.,*,Active,,,
20170629_0600,2017,June,"Calapan City, Oriental Mindoro",Luzon,PH,13.316478,121.183607,EFU,*,*,tornado,Source 1,,,Can be a landspout.,*,Active,,,
20170707_0600,2017,July,"Himamaylan City, Negros Occidental",Visayas,PH,10.179412,122.895367,EFU,*,*,tornado,Source 1,Source 2,,No pictures/videos of the tornado.,*,Active,,,
20170719_0800,2017,July,"Lazi, Siquijor",Visayas,PH,9.129974,123.634256,EF1,*,*,tornado,Source 1,,,No pictures/videos of the tornado.,*,Active,,,
20170808_0800,2017,August,"Datu Odin Sinsuat, Maguindanao Del Norte",Mindanao,PH,7.09986,124.300349,EF1,*,*,tornado,Source 1,,,No pictures/videos of the tornado.,*,Active,,,
20171019_0300,2017,October,"Impasug Ong, Bukidnon",Mindanao,PH,8.375429,125.219476,EFU,*,*,"tornado, supercell",DOST-PAGASA,DOST-PAGASA,,With Radar Data from DOST-PAGASA.,*,Active,,,
20180426_1300,2018,April,"Sta. Cruz, Davao Del Sur",Mindanao,PH,6.830688,125.390144,EF1,*,*,tornado,Source 1,,,No pictures/videos of the tornado.,*,Active,,,
20180703_1200,2018,July,"Concepcion, Tarlac",Luzon,PH,15.294369,120.619788,EF1,*,*,tornado,Source 1,Source 2,,No pictures/videos of the tornado.,*,Active,,,
20180713_0200,2018,July,"Lamitan City, Basilan",Mindanao,PH,6.581884,122.180741,EFU,*,*,tornado,DSWD DROMIC,,,No pictures/videos of the tornado.,*,Active,,,
20180722_1200,2018,July,"Davao City, Davao del Sur",Mindanao,PH,7.099654,125.640521,EF1,*,*,tornado,Source 1,Source 2,Source 3,Nocturnal Minor Tornado.,*,Active,,,
20180728_0800,2018,July,"Pagadian City, Zamboanga del Sur ",Mindanao,PH,7.829479,123.448252,EF1,*,*,tornado,Source 1,,,No pictures/videos of the tornado.,*,Active,,,
20180825_0600,2018,August,"Sta. Cruz, Ilocos Sur",Luzon,PH,17.052678,120.478675,EF1,*,*,tornado,Source 1,Source 2,,,*,Active,,,
20180907_0700,2018,September,"Ramos, Tarlac",Luzon,PH,15.662801,120.645431,EF0,*,*,tornado,Source 1,,,,*,Active,,,
20180912_0600,2018,September,"Calabanga, Camarines Sur",Luzon,PH,13.716596,123.229323,EF0,*,*,tornado,Source 1,,,,*,Active,,,
20180914_0900,2018,September,"Marikina City, Metro Manila",Luzon,PH,14.630664,121.095778,EF1,*,*,tornado,Source 1,Source 2,Source 3,Potential TC-induced tornado,*,Active,,,
20181008_1200,2018,October,"Bayambang, Pangasinan",Luzon,PH,15.836094,120.46959,EF1,*,*,tornado,Source 1,,,Nocturnal Minor Tornado. No pictures/videos of the tornado.,*,Active,,,
20181107_0900,2018,November,"Davao City, Davao del Sur",Mindanao,PH,7.209173,125.404797,EF1,*,*,tornado,Source 1,,,,*,Active,,,
20190409_0800,2019,April,"Tacurong City, Sultan Kudarat",Mindanao,PH,6.70471,124.68968,EF1,*,*,"tornado, supercell",Source 1,Source 2,,"It has the ""look"".",*,Active,,,
20190521_0800,2019,May,"Canaman, Camarines Sur",Luzon,PH,13.609599,123.100283,EF1,*,*,tornado,DSWD DROMIC,Source 2,Source 3,,*,Active,,,
20190527_0600,2019,May,"San Ildefonso, Bulacan",Luzon,PH,15.101752,120.977424,EFU,*,*,tornado,DSWD DROMIC,,,No pictures/videos of the tornado.,*,Active,,,
20190604_0600,2019,June,"San Enrique, Negros Occidental",Visayas,PH,10.412572,122.857842,EF1,*,*,tornado,Source 1,,,No pictures/videos of the tornado.,*,Active,,,
20190609_0700,2019,June,"M'lang, North Cotabato",Mindanao,PH,6.897053,124.895186,EF1,*,*,tornado,Source 1,Source 2,Source 3,No pictures/videos of the tornado.,*,Active,,,
20190620_0600,2019,June,"San Jose Del Monte City, Bulacan",Luzon,PH,14.803151,121.051515,EFU,*,*,tornado,DSWD DROMIC,,,No pictures/videos of the tornado.,*,Active,,,
20190712_0400,2019,July,"Ormoc, Leyte",Visayas,PH,11.103137,124.613383,EF0,*,*,tornado,Source 1,,,,*,Active,,,
20190715_0700,2019,July,"Pototan, Iloilo",Visayas,PH,10.941135,122.642802,EFU,*,*,tornado,Source 1,,,,*,Active,,,
20190729_0500,2019,July,"Magalang, Pampanga",Luzon,PH,15.216146,120.665422,EFU,*,*,tornado,Source 1,Source 2,Source 3,"No research at the moment. But 98433/Tanay sounding at 06 UTC (""closest"" proximity RAOB) show massive instability.",*,Active,,,
20190730_0800,2019,July,"Bocaue, Bulacan",Luzon,PH,14.785177,120.930779,EFU,*,*,tornado,Source 1,,,With Shelf Cloud. Can be a brief spin-up or landspout.,*,Active,,,
20190803_0130,2019,August,"Lavezares, Northern Samar",Visayas,PH,12.551966,124.3662,EFU,*,*,tornado,DSWD DROMIC,Source 2,Source 3,No pictures/videos of the tornado.,*,Active,,,
20190803_0230,2019,August,"La Carlota City, Negros Occidental",Visayas,PH,10.391682,122.926084,EFU,*,*,tornado,DSWD DROMIC,DSWD DROMIC,Source 3,No pictures/videos of the tornado.,*,Active,,,
20190808_0600,2019,August,"Paluan, Occidental Mindoro",Luzon,PH,13.320848,120.488816,EFU,*,*,tornado,DSWD DROMIC,Source 2,,No pictures/videos of the tornado.,*,Active,,,
20190809_0800,2019,August,"San Isidro, Abra",Luzon,PH,17.477938,120.613571,EFU,*,*,tornado,DSWD DROMIC,DSWD DROMIC,,No pictures/videos of the tornado.,*,Active,,,
20190820_0900,2019,August,"Davao City, Davao del Sur",Mindanao,PH,7.208503,125.401643,EF1,*,*,tornado,Source 1,,,No pictures/videos of the tornado.,*,Active,,,
20190918_0800,2019,September,"Rizal, Occidental Mindoro",Luzon,PH,12.468343,121.023881,EFU,*,*,tornado,DSWD DROMIC,DSWD DROMIC,,No pictures/videos of the tornado.,*,Active,,,
20191104_0600,2019,November,"Marawi City, Lanao del Sur",Mindanao,PH,8.008915,124.277904,EF1,*,*,tornado,Source 1,Source 2,Source 3,,*,Active,,,
20191106_0500,2019,November,"San Jose, Antique",Visayas,PH,10.755847,121.943764,EFU,*,*,tornado,DSWD DROMIC,DSWD DROMIC,,No pictures/videos of the tornado.,*,Active,,,
20191225_0600,2019,December,"Calapan City, Oriental Mindoro",Luzon,PH,13.32663,121.141881,EF1,*,*,tornado,Source 1,Source 2,,,*,Active,,,
20200427_0600,2020,April,"Bayambang, Pangasinan",Luzon,PH,15.775848,120.480146,EFU,*,*,tornado,DSWD DROMIC,DSWD DROMIC,https://www.facebook.com/share/p/hWMeKitGMRXRNy1V/?mibextid=oFDknk,No pictures/videos of the tornado.,*,Active,,,
20200514_0700,2020,May,"Lagangilang, Abra",Luzon,PH,17.611196,120.745888,EFU,*,*,tornado,DSWD DROMIC,,,No pictures/videos of the tornado.,*,Active,,,
20200517_0400,2020,May,"Metro Cebu, Cebu",Visayas,PH,10.323261,123.876138,EF1,*,*,tornado,Source 1,,,,*,Active,,,
20200603_1700,2020,June,"General Santos City, South Cotabato",Mindanao,PH,6.10454,125.191945,EF1,*,*,tornado,Source 1,,,,*,Active,,,
20200607_0600,2020,June,"President Quirino, Sultan Kudarat",Mindanao,PH,6.653327,124.765233,EF1,*,*,tornado,Source 1,,,No pictures/videos of the tornado.,*,Active,,,
20200609_0900,2020,June,"Villasis, Pangasinan",Luzon,PH,15.886013,120.529747,EF1,*,*,tornado,Source 1,Source 2,,"No pictures/videos of the tornado, but with Satellite Imagery.",*,Active,,,
20200614_0900,2020,June,"Castillejos, Zambales ",Luzon,PH,14.934237,120.200188,EFU,*,*,tornado,Source 1,,,,*,Active,,,
20200615_0900,2020,June,"Palayan City, Nueva Ecija",Luzon,PH,15.57433,121.074596,EFU,*,*,tornado,Source 1,Source 2,Source 3,,*,Active,,,
20200619_0600,2020,June,"Llañera, Nueva Ecija",Luzon,PH,15.615886,120.995004,EF1,*,*,tornado,Source 1,,,,*,Active,,,
20200625_0630,2020,June,"Anao, Tarlac",Luzon,PH,15.762764,120.617143,EFU,*,*,tornado,DSWD DROMIC,DSWD DROMIC,,No pictures/videos of the tornado.,*,Active,,,
20200702_0600,2020,July,"Oas, Albay",Luzon,PH,13.255876,123.494474,EFU,*,*,tornado,Source 1,,,Visible funnel cloud. ,*,Active,,,
20200702_0600,2020,July,"Pontevedre, Negros Occidental",Visayas,PH,10.361018,122.892492,EFU,*,*,tornado,Source 1,,,Rope/snakey tornado,*,Active,,,
20200718_0900,2020,July,"Tabuyoc, Pangasinan",Luzon,PH,16.023415,120.582144,EF1,*,*,tornado,Source 1,,,,*,Active,,,
20200805_0800,2020,August,"Tudela, Misamis Occidental ",Mindanao,PH,8.255308,123.834478,EFU,*,*,tornado,DSWD DROMIC,DSWD DROMIC,Source 3,,*,Active,,,
20200807_0600,2020,August,"Irosin, Sorsogon",Luzon,PH,12.705793,124.028928,EFU,*,*,tornado,Source 1,,,,*,Active,,,
20200922_0930,2020,September,"Lambayong, Sultan Kudarat",Mindanao,PH,6.735032,124.649113,EFU,*,*,tornado,DSWD DROMIC,DSWD DROMIC,,No pictures/videos of the tornado.,*,Active,,,
20201010_0600,2020,October,"Catbalogan, Samar",Visayas,PH,11.824809,124.697326,EFU,*,*,tornado,Source 1,,,Can be a landspout tornado.,*,Active,,,
20201015_0800,2020,October,"Lupon, Davao Oriental",Mindanao,PH,6.897845,126.067425,EF1,*,*,tornado,Source 1,,,With Mesocyclone.,*,Active,,,
20201020_0500,2020,October,"Calatrava, Negros Occidental",Visayas,PH,10.700822,123.353625,EF1,*,*,tornado,Source 1,Source 2,,With Mesocyclone.,*,Active,,,
20201025_0700,2020,October,"Palimbang, Sultan Kudarat",Mindanao,PH,6.160871,124.275703,EF1,*,*,tornado,Source 1,,,No pictures/videos of the tornado.,*,Active,,,
20210324_0630,2021,March,"Esperanza, Agusan Del Sur",Mindanao,PH,8.626963,125.75862,EFU,*,*,tornado,DSWD DROMIC,,,No pictures/videos of the tornado.,*,Active,,,
20210405_1000,2021,April,"Tacloban City, Leyte",Visayas,PH,11.226848,125.025881,EF1,*,*,tornado,Source 1,,,No pictures/videos of the tornado.,*,Active,,,
20210505_1530,2021,May,"Molo, Iloilo",Visayas,PH,10.688455,122.540766,EFU,*,*,tornado,DSWD DROMIC,Source 2,,No pictures/videos of the tornado.,*,Active,,,
20210510_1100,2021,May,"Bayambang, Pangasinan",Luzon,PH,15.837197,120.405595,EF1,*,*,tornado,Source 1,,,,*,Active,,,
20210519_0600,2021,May,"Naga City, Camarines Sur",Luzon,PH,13.638921,123.235929,EFU,*,*,tornado,Source 1,,,Can be a landspout tornado.,*,Active,,,
20210521_0700,2021,May,"Langalilang, Abra",Luzon,PH,17.58114,120.764397,EFU,*,*,tornado,DSWD DROMIC,,,No pictures/videos of the tornado.,*,Active,,,
20210523_0600,2021,May,"Asingan, Pangasinan",Luzon,PH,16.00423,120.676607,EFU,*,*,tornado,DSWD DROMIC,DSWD DROMIC,,No pictures/videos of the tornado.,*,Active,,,
20210528_0900,2021,May,"Pototan, Iloilo ",Visayas,PH,10.891154,122.616377,EFU,*,*,tornado,DSWD DROMIC,,,No pictures/videos of the tornado.,*,Active,,,
20210531_0700,2021,May,"Tumauini, Isabela",Luzon,PH,17.338336,121.794823,EFU,*,*,tornado,Source 1,Source 2,Source 3,,*,Active,,,
20210605_0600,2021,June,"Sara, Iloilo",Visayas,PH,11.268212,123.038661,EFU,*,*,tornado,Source 1,Source 2,,,*,Active,,,
20210625_0800,2021,June,"Lambunao, Iloilo",Visayas,PH,11.104998,122.453972,EFU,*,*,tornado,DSWD DROMIC,DSWD DROMIC,DSWD DROMIC,No pictures/videos of the tornado.,*,Active,,,
20210820_0200,2021,August,"Pavia, Iloilo",Visayas,PH,10.789806,122.533619,EFU,*,*,tornado,Source 1,Source 2,,,*,Active,,,
20210830_0900,2021,August,"Lubao, Pampanga",Luzon,PH,14.902626,120.572977,EFU,*,*,tornado,Source 1,,,Can be a landspout tornado.,*,Active,,,
20210830_2030,2021,August,"Kabacan, North Cotabato",Mindanao,PH,7.167623,124.860671,EF1,*,*,tornado,DSWD DROMIC,DSWD DROMIC,,Can be a landspout tornado or gustnado. No pictures/videos of the tornado.,*,Active,,,
20210923_0800,2021,September,"Tayug, Pangasinan",Luzon,PH,16.004727,120.748415,EFU,*,*,tornado,DSWD DROMIC,,,No pictures/videos of the tornado.,*,Active,,,
20211004_0600,2021,October,"Sta. Maria, Pangasinan",Luzon,PH,15.997761,120.798009,EFU,*,*,tornado,Source 1,,,Funnel Cloud,*,Active,,,
20211114_0800,2021,November,"Matalam, Cotabato",Mindanao,PH,7.072768,124.957293,EF1,*,*,tornado,Source 1,Source 2,Source 3,No pictures/videos of the tornado.,*,Active,,,
20220201_1000,2022,February,"Kabuntalan, Maguindanao",Mindanao,PH,7.120965,124.349997,EF1,*,*,tornado,Source 1,,,No pictures/videos of the tornado.,*,Active,,,
20220311_0500,2022,March,"Usadda, Sulu",Mindanao,PH,6.131678,120.543178,EF1,*,*,tornado,Source 1,Source 2,,No pictures/videos of the tornado.,*,Active,,,
20220316_0600,2022,March,"San Carlos City, Pangasinan",Luzon,PH,15.943833,120.320699,EFU,*,*,tornado,DSWD DROMIC,,,No pictures/videos of the tornado.,*,Active,,,
20220324_1800,2022,March,"Lambunao, Iloilo",Visayas,PH,11.043504,122.421538,EFU,*,*,tornado,DSWD DROMIC,DSWD DROMIC,,No pictures/videos of the tornado.,*,Active,,,
20220421_0900,2022,April,"Cotabato City, Maguindanao",Mindanao,PH,7.235993,124.232925,EF1,*,*,tornado,Source 1,Source 2,,No pictures/videos of the tornado.,*,Active,,,
20220519_0700,2022,May,"General Trias, Cavite",Luzon,PH,14.323324,120.899693,EFU,*,*,tornado,Source 1,Source 2,Source 3,Rain wrapped tornado,*,Active,,,
20220524_0600,2022,May,"Moises Padilla, Negros Occidental",Visayas,PH,10.267628,123.071738,EFU,*,*,tornado,Source 1,Source 2,,,*,Active,,,
20220525_1000,2022,May,"Talavera, Nueva Ecija",Luzon,PH,15.621428,120.934521,EF1,*,*,tornado,Source 1,,,No pictures/videos of the tornado.,*,Active,,,
20220602_0600,2022,June,"M'lang, Cotabato",Mindanao,PH,6.942775,124.878403,EFU,*,*,tornado,DSWD DROMIC,DSWD DROMIC,,No pictures/videos of the tornado.,*,Active,,,
20220620_0800,2022,June,"San Jose, Nueva Ecija",Luzon,PH,15.801212,120.999792,EFU,*,*,tornado,Source 1,,,,*,Active,,,
20220621_0830,2022,June,"General Trias, Cavite",Luzon,PH,14.351924,120.896576,EF1,*,*,tornado,Source 1,Source 2,,No research at the moment.,*,Active,,,
20220624_0900,2022,June,"Pototan, Iloilo ",Visayas,PH,10.896193,122.615333,EF1,*,*,tornado,Source 1,Source 2,Source 3,Rope/Snakey Tornado,*,Active,,,
20220710_0500,2022,July,"Pamplona, Camarines Sur",Luzon,PH,13.578919,123.06662,EF0,*,*,tornado,Source 1,,,Brief tornado. Clockwise (Anticyclonic) rotation.,*,Active,,,
20220711_0600,2022,July,"Mahayag, Zamboanga del Sur",Mindanao,PH,8.129196,123.435468,EFU,*,*,tornado,Source 1,,,,*,Active,,,
20220711_0800,2022,July,"Hagonoy, Davao del Sur",Mindanao,PH,6.714254,125.330376,EFU,*,*,tornado,NDRRMC,,,No pictures/videos of the tornado.,*,Active,,,
20220711_0900,2022,July,"Digos City, Davao del Sur",Mindanao,PH,6.736921,125.336625,EF1,*,*,tornado,DSWD DROMIC,Source 2,Source 3,Funnel Cloud,*,Active,,,
20220714_0600,2022,July,"Viga, Catanduanes",Luzon,PH,13.874155,124.331972,EFU,*,*,tornado,Source 1,,,Funnel Cloud,*,Active,,,
20220718_0930,2022,July,"San Narciso, Quezon",Luzon,PH,13.624515,122.518581,EFU,*,*,tornado,DSWD DROMIC,NDRRMC,,No pictures/videos of the tornado.,*,Active,,,
20220723_0400,2022,July,"New Lucena, Iloilo",Visayas,PH,10.875106,122.592651,EFU,*,*,tornado,DSWD DROMIC,DSWD DROMIC,,No pictures/videos of the tornado.,*,Active,,,
20220725_0700,2022,July,"Bautista, Pangasinan",Luzon,PH,15.779243,120.547437,EFU,*,*,tornado,DSWD DROMIC,DSWD DROMIC,NDRRMC,No pictures/videos of the tornado.,*,Active,,,
20220726_0930,2022,July,"Dasol, Pangasinan",Luzon,PH,15.95957,119.818458,EF1,*,*,tornado,Source 1,,,,*,Active,,,
20220805_0600,2022,August,"San Dionisio, Iloilo",Visayas,PH,11.32439,123.07138,EFU,*,*,tornado,Source 1,,,,*,Active,,,
20220812_0600,2022,August,"Valencia City, Bukidnon",Mindanao,PH,7.939551,125.09833,EFU,*,*,tornado,DSWD DROMIC,DSWD DROMIC,DSWD DROMIC,Can be a landspout or gustnado. No pictures/videos of the tornado.,*,Active,,,
20220819_0945,2022,August,"Floridablanca, Pampanga",Luzon,PH,15.019827,120.51545,EFU,*,*,tornado,DSWD DROMIC,,,No pictures/videos of the tornado.,*,Active,,,
20220828_0600,2022,August,"Nampicuan, Nueva Ecija",Luzon,PH,15.732246,120.65312,EFU,*,*,tornado,Source 1,,,Can be a landspout tornado.,*,Active,,,
20220828_0800,2022,August,"Mangaldan, Pangasinan",Luzon,PH,16.056832,120.391981,EFU,*,*,tornado,Source 1,,,,*,Active,,,
20220829_0800,2022,August,"Limay, Bataan",Luzon,PH,14.57647,120.593179,EF1,*,*,tornado,Source 1,,,No pictures/videos of the tornado.,*,Active,,,
20230906_1000,2022,September,"Botolan, Zambales",Luzon,PH,15.304972,119.995818,EF1,*,*,tornado,Source 1,,,No pictures/videos of the tornado.,*,Active,,,
20220909_0600,2022,September,"Mandaue City, Metro Cebu",Visayas,PH,10.354124,123.936084,EFU,*,*,tornado,Source 1,,,Can be a landspout tornado.,*,Active,,,
20220914_0700,2022,September,"Buluan, Magindanao",Mindanao,PH,6.711939,124.791989,EFU,*,*,tornado,Source 1,Source 2,,Funnel Cloud/Rope stage,*,Active,,,
20220920_0530,2022,September,"President Roxas, Capiz",Visayas,PH,11.429557,122.922041,EFU,*,*,tornado,DSWD DROMIC,DSWD DROMIC,DSWD DROMIC,No pictures/videos of the tornado.,*,Active,,,
20221002_1200,2022,October,"Pagadian City, Zamboanga del Sur ",Mindanao,PH,7.820493,123.440214,EF1,*,*,tornado,Source 1,Source 2,,No pictures/videos of the tornado.,*,Active,,,
20221004_0600,2022,October,"Basista, Pangasinan",Luzon,PH,15.870238,120.392633,EFU,*,*,tornado,DSWD DROMIC,,,No pictures/videos of the tornado.,*,Active,,,
20221030_0800,2022,October,"Pototan, Iloilo",Visayas,PH,10.888101,122.634572,EF1,*,*,tornado,Source 1,,,,*,Active,,,
20221108_0700,2022,November,"Ampatuan, Maguindanao del Sur",Mindanao,PH,6.782684,124.471642,EFU,*,*,tornado,Source 1,Source 2,Source 3,No pictures/videos of the tornado.,*,Active,,,
20221123_0600,2022,November,"Iligan City, Lanao del Norte",Mindanao,PH,8.245512,124.254616,EF1,*,*,tornado,DSWD DROMIC,DSWD DROMIC,DSWD DROMIC,Can be a landspout or gustnado. No pictures/videos of the tornado.,*,Active,,,
20221223_2300,2022,December,"Guiuan, Eastern Samar",Visayas,PH,11.005016,125.629145,EFU,*,*,tornado,Source 1,,,,*,Active,,,
20230102_2130,2023,January,"Oton, Iloilo",Visayas,PH,10.688811,122.487918,EF1,*,*,tornado,DSWD DROMIC,Source 2,Source 3,Early morning tornado. No pictures/videos of the tornado.,*,Active,,,
20230103_1530,2023,January,"Lambunao, Iloilo",Visayas,PH,11.064272,122.483537,EFU,*,*,tornado,DSWD DROMIC,,,No pictures/videos of the tornado.,*,Active,,,
20230501_0800,2023,May,"Cotabato City, Maguindanao Norte",Mindanao,PH,7.007261,123.996128,EF1,*,*,tornado,Source 1,Source 2,Source 3,No pictures/videos of the tornado.,*,Active,,,
20230501_0900,2023,May,"Manaoag, Pangasinan",Luzon,PH,16.029937,120.507181,EF1,*,*,tornado,Source 1,,,No pictures/videos of the tornado.,*,Active,,,
20230518_0630,2023,May,"Kabankalan City, Negros Occidental",Visayas,PH,9.726767,122.783015,EFU,*,*,tornado,DSWD DROMIC,DSWD DROMIC,DSWD DROMIC,No pictures/videos of the tornado.,*,Active,,,
20230525_0800,2023,May,"Anao, Tarlac",Luzon,PH,15.752718,120.613418,EFU,*,*,tornado,DSWD DROMIC,DSWD DROMIC,,No pictures/videos of the tornado.,*,Active,,,
20230615_0630,2023,June,"Tambulig, Zamboanga del Sur",Mindanao,PH,8.053052,123.553563,EFU,*,*,tornado,DSWD DROMIC,Source 2,,,*,Active,,,
20230622_0830,2023,June,"Bacolor, Pampanga",Luzon,PH,15.006947,120.670176,EF1,*,*,"tornado, supercell",Source 1,Source 2,Source 3,"Also known as Bacolor Tornado (Photogenic). No research at the moment. But 98433/Tanay sounding at 12 UTC (""closest"" proximity RAOB) show some curved-hodograph from easterly winds and large instability in place.",*,Active,,,
20230702_0700,2023,July,"Milaor, Camarines Sur",Luzon,PH,13.607959,123.203655,EF1,*,*,tornado,Source 1,Source 2,Source 3,Beautiful funnel cloud.,*,Active,,,
20230724_1300,2023,July,"Vinzons, Camarines Norte",Luzon,PH,14.220952,122.911281,EF1,*,*,tornado,NDRRMC,Source 2,,No pictures/videos of the tornado.,*,Active,,,
20230725_0800,2023,July,"Sibalom, Antique",Visayas,PH,10.803011,122.047209,EF0,*,*,tornado,NDRRMC,,,Can be a landspout tornado or gustnado. No pictures/videos of the tornado.,*,Active,,,
20230809_0600,2023,August,"Sinunuc, Zamboanga del Sur",Mindanao,PH,6.931789,122.009175,EF0,*,*,tornado,Source 1,,,,*,Active,,,
20230830_0600,2023,August,"San Ildefonso, Ilocos Sur",Luzon,PH,17.594303,120.365625,EF1,*,*,"tornado, supercell",Source 1,Source 2,Source 3,,*,Active,,,
20230830_0300,2023,August,"Jaro, Iloilo City",Visayas,PH,10.766556,122.580814,EF1,*,*,tornado,Source 1,,,No pictures/videos of the tornado.,*,Active,,,
20230901_0145,2023,September,"Alaminos City, Pangasinan",Luzon,PH,16.169322,119.959157,EFU,*,*,tornado,DSWD DROMIC,,,No pictures/videos of the tornado.,*,Active,,,
20230903_0100,2023,September,"Luna, La Union",Luzon,PH,16.828802,120.349789,EFU,*,*,tornado,DSWD DROMIC,DSWD DROMIC,,No pictures/videos of the tornado.,*,Active,,,
20230928_0400,2023,September,"Balasan, Iloilo",Visayas,PH,11.485422,123.126493,EFU,*,*,tornado,DSWD DROMIC,,,No pictures/videos of the tornado.,*,Active,,,
20231129_0730,2023,November,"Bongao, Tawi-Tawi",Visayas,PH,5.107117,119.783809,EFU,*,*,tornado,NDRRMC,,,No pictures/videos of the tornado.,*,Active,,,
20231209_0730,2023,December,"Kabacan, North Cotabato",Mindanao,PH,7.122853,124.860401,EF1,*,*,tornado,DSWD DROMIC,DSWD DROMIC,Source 3,Can be a landspout or gustnado. No pictures/videos of the tornado.,*,Active,,,
20231217_0000,2023,December,"Kolambugan, Lanao del Norte",Mindanao,PH,8.112449,123.897464,EFU,*,*,tornado,DSWD DROMIC,,,Can be a landspout or gustnado. No pictures/videos of the tornado.,*,Active,,,
20240115_0630,2024,January,"San Remigio, Antique",Visayas,PH,10.945123,122.142808,EFU,*,*,tornado,DSWD DROMIC,DSWD DROMIC,,No pictures/videos of the tornado.,*,Active,,,
20240129_0630,2024,January,"Balungao, Pangasinan ",Luzon,PH,15.888036,120.69578,EFU,*,*,tornado,DSWD DROMIC,,,Can be a landspout or gustnado. No pictures/videos of the tornado.,*,Active,,,
20240328_1000,2024,March,"Montawal, Maguindanao del Sur",Mindanao,PH,7.110625,124.780024,EF1,*,*,tornado,Source 1,Source 2,Source 3,No pictures/videos of the tornado.,*,Active,,,
20240423_0630,2024,April,"Midsalip, Zamboanga del Sur",Mindanao,PH,7.983755,123.332398,EF1,*,*,tornado,DSWD DROMIC,,,Can be a landspout or gustnado. No pictures/videos of the tornado.,*,Active,,,
20240425_0600,2024,April,"Alcala, Cagayan",Luzon,PH,17.91159,121.697616,EFU,*,*,tornado,Source 1,Source 2,Source 3,,*,Active,,,
20240509_0930,2024,May,"Balungao, Pangasinan",Luzon,PH,15.925192,120.656588,EFU,*,*,tornado,DSWD DROMIC,,,Can be a landspout or gustnado. No pictures/videos of the tornado.,*,Active,,,
20240517_0800,2024,May,"Malisiqui, Pangasinan",Luzon,PH,15.914894,120.40214,EFU,*,*,tornado,DSWD DROMIC,DSWD DROMIC,,No pictures/videos of the tornado.,*,Active,,,
20240525_1830,2024,May,"Lavazares, Northern Samar",Visayas,PH,12.530237,124.332692,EF1,*,*,tornado,Source 1,Source 2,Source 3,Nocturnal Minor Tornado.,*,Active,,,
20240527_0600,2024,May,"Arayat, Pampanga",Luzon,PH,15.150853,120.817011,EF2*,*,*,tornado,DSWD DROMIC,Source 2,Source 3,,*,Active,,,
20240529_1030,2024,May,"Malaybalay City, Bukidnon",Mindanao,PH,8.144882,125.018962,EF1,*,*,tornado,Source 1,,,Nocturnal Minor Tornado. No pictures of the tornado.,*,Active,,,
20240604_0600,2024,June,"Tapas, Capiz",Visayas,PH,11.269855,122.493533,EF1,*,*,tornado,DSWD DROMIC,Source 2,,No pictures/videos of the tornado.,*,Active,,,
20240613_0700,2024,June,"Cabatuan, Iloilo",Visayas,PH,10.863349,122.45317,EF1,*,*,tornado,DSWD DROMIC,,,No pictures/videos of the tornado.,*,Active,,,
20240623_2300,2024,June,"Salvador Benedicto, Negros Occidental",Visayas,PH,10.559331,123.194248,EFU,*,*,tornado,DSWD DROMIC,,,No pictures/videos of the tornado.,*,Active,,,
20240624_0100,2024,June,"Hinigaran, Negros Occidental",Visayas,PH,10.238173,122.924763,EFU,*,*,tornado,DSWD DROMIC,,,No pictures/videos of the tornado.,*,Active,,,
20240626_0500,2024,June,"Magsingal, Ilocos Sur",Luzon,PH,17.702965,120.470041,EFU,*,*,tornado,DSWD DROMIC,DSWD DROMIC,,No pictures/videos of the tornado.,*,Active,,,
20240629_0730,2024,June,"Asingan, Pangasinan",Luzon,PH,16.013329,120.639398,EF1,*,*,tornado,DSWD DROMIC,,,No pictures/videos of the tornado. ,*,Active,,,
20240703_0500,2024,July,"Guimba, Nueva Ecija",Luzon,PH,15.691915,120.747051,EF1,*,*,tornado,Source 1,,,No pictures/videos of the tornado. ,*,Active,,,
20240703_0800,2024,July,"San Rafael, Bulacan",Luzon,PH,14.967629,121.002539,EFU,*,*,tornado,Source 1,Source 2,,,*,Active,,,
20240705_0600,2024,July,"M'lang, North Cotabato",Mindanao,PH,6.902992,124.883593,EF1,*,*,tornado,Source 1,Source 2,,No pictures/videos of the tornado. ,*,Active,,,
20240705_0900,2024,July,"Gabaldon, Nueva Ecija",Luzon,PH,15.502191,121.322803,EF1,*,*,tornado,Source 1,Source 2,,No pictures/videos of the tornado. ,*,Active,,,
20240714_2200,2024,July,"Pilar, Bataan",Luzon,PH,14.675482,120.557083,EFU,*,*,tornado,Source 1,Source 2,,,*,Active,,,
20240723_0600,2024,July,"San Andres, Romblon",Luzon,PH,12.572066,121.999868,EF1,*,*,tornado,Source 1,Source 2,,No pictures/videos of the tornado. ,*,Active,,,
20240723_1100,2024,July,"Araceli, Palawan",Luzon,PH,10.566952,119.930977,EF1,*,*,tornado,Source 1,,,No pictures/videos of the tornado. ,*,Active,,,
20240724_1500,2024,July,"Tibiao, Panay",Visayas,PH,11.291872,122.036919,EF1,*,*,tornado,Source 1,,,Nocturnal minor tornado. No pictures/videos of the tornado. ,*,Active,,,
20240804_0800,2024,August,"Sangley Point, Cavite",Luzon,PH,14.487393,120.901791,EF1,*,*,tornado,Source 1,Source 2,Source 3,Two tornadoes. Cyclonic and Anti-Cyclonic Pairs.,*,Active,,,
20240805_0300,2024,August,"Kabankalan, Negros Occidental",Visayas,PH,10.036532,122.83998,EF0,*,*,tornado,Source 1,,,,*,Active,,,
20240816_0800,2024,August,"Balindong, Lanao del Sur",Mindanao,PH,7.897792,124.211736,EF1,*,*,tornado,Source 1,Source 2,,No pictures/videos of the tornado. ,*,Active,,,
20240818_0800,2024,August,"Anilao, Iloilo",Visayas,PH,10.981119,122.770836,EF1,*,*,tornado,Source 1,Source 2,,,*,Active,,,
20240818_0800,2024,August,"Surallah, South Cotabato",Mindanao,PH,6.343811,124.689301,EF1,*,*,tornado,Source 1,Source 2,,No pictures/videos of the tornado. ,*,Active,,,
20240820_0730,2024,August,"Tanay, Rizal",Luzon,PH,14.489598,121.283024,EF0,*,*,tornado,Source 1,,,,*,Active,,,
20240822_1200,2024,August,"Malaybalay, Bukidnon",Mindanao,PH,8.20927,125.156625,EF1,*,*,tornado,Source 1,,,No pictures/videos of the tornado. ,*,Active,,,
20240822_2000,2024,August,"Taytay, Palawan",Luzon,PH,10.82126,119.519969,EF1,*,*,tornado,Source 1,,,No pictures/videos of the tornado. ,*,Active,,,
20240823_0145,2024,August,"Liloan, Cebu",Visayas,PH,10.413292,123.991394,EF0,*,*,tornado,Source 1,,,,*,Active,,,
20240823_0500,2024,August,"Tanauan City, Batangas",Luzon,PH,14.091406,121.104712,EFU,*,*,tornado,Source 1,Source 2,Source 3,,*,Active,,,
20240831_0300,2024,August,"San Isidro, Leyte",Visayas,PH,11.47775,124.318482,EF0,*,*,tornado,Source 1,,,,*,Active,,,
20240831_0400,2024,August,"Kananga, Leyte",Visayas,PH,11.171448,124.539677,EF0,*,*,tornado,Source 1,Source 2,Source 3,"Likely related to the San Isidro, Leyte Tornado from same TSTM.",*,Active,,,